,ticker,date,close
0,AAPL,2021-12-02,163.76
1,AAPL,2021-12-01,164.77
2,AAPL,2021-11-30,165.3
3,AAPL,2021-11-29,160.24
4,AAPL,2021-11-26,156.81
5,AAPL,2021-11-24,161.94
6,AAPL,2021-11-23,161.41
7,AAPL,2021-11-22,163.765
8,AAPL,2021-11-19,160.55
9,AAPL,2021-11-18,157.87
10,AAPL,2021-11-17,153.49
11,AAPL,2021-11-16,151.0
12,AAPL,2021-11-15,150.0
13,AAPL,2021-11-12,149.99
14,AAPL,2021-11-11,147.87
15,AAPL,2021-11-10,147.92
16,AAPL,2021-11-09,150.81
17,AAPL,2021-11-08,150.44
18,AAPL,2021-11-05,151.07
19,AAPL,2021-11-04,150.96
20,AAPL,2021-11-03,151.49
21,AAPL,2021-11-02,150.02
22,AAPL,2021-11-01,148.96
23,AAPL,2021-10-29,149.8
24,AAPL,2021-10-28,152.57
25,AAPL,2021-10-27,148.85
26,AAPL,2021-10-26,149.32
27,AAPL,2021-10-25,148.64
28,AAPL,2021-10-22,148.69
29,AAPL,2021-10-21,149.48
30,AAPL,2021-10-20,149.26
31,AAPL,2021-10-19,148.76
32,AAPL,2021-10-18,146.55
33,AAPL,2021-10-15,144.84
34,AAPL,2021-10-14,143.76
35,AAPL,2021-10-13,140.91
36,AAPL,2021-10-12,141.51
37,AAPL,2021-10-11,142.81
38,AAPL,2021-10-08,142.9
39,AAPL,2021-10-07,143.29
40,AAPL,2021-10-06,142.0
41,AAPL,2021-10-05,141.11
42,AAPL,2021-10-04,139.14
43,AAPL,2021-10-01,142.65
44,AAPL,2021-09-30,141.5
45,AAPL,2021-09-29,142.83
46,AAPL,2021-09-28,141.91
47,AAPL,2021-09-27,145.061
48,AAPL,2021-09-24,145.91
49,AAPL,2021-09-23,146.83
50,AAPL,2021-09-22,145.085
51,AAPL,2021-09-21,143.43
52,AAPL,2021-09-20,142.94
53,AAPL,2021-09-17,146.06
54,AAPL,2021-09-16,148.79
55,AAPL,2021-09-15,149.03
56,AAPL,2021-09-14,148.12
57,AAPL,2021-09-13,149.985
58,AAPL,2021-09-10,154.41
59,AAPL,2021-09-09,154.07
60,AAPL,2021-09-08,155.11
61,AAPL,2021-09-07,156.69
62,AAPL,2021-09-03,154.3
63,AAPL,2021-09-02,154.445
64,AAPL,2021-09-01,152.51
65,AAPL,2021-08-31,151.83
66,AAPL,2021-08-30,153.12
67,AAPL,2021-08-27,148.6
68,AAPL,2021-08-26,147.91
69,AAPL,2021-08-25,148.36
70,AAPL,2021-08-24,149.62
71,AAPL,2021-08-23,149.71
72,AAPL,2021-08-20,148.19
73,AAPL,2021-08-19,145.94
74,AAPL,2021-08-18,146.36
75,AAPL,2021-08-17,150.19
76,AAPL,2021-08-16,151.12
77,AAPL,2021-08-13,149.1
78,AAPL,2021-08-12,147.69
79,AAPL,2021-08-11,145.86
80,AAPL,2021-08-10,145.6
81,AAPL,2021-08-09,145.95
82,AAPL,2021-08-06,146.14
83,AAPL,2021-08-05,147.06
84,AAPL,2021-08-04,146.95
85,AAPL,2021-08-03,147.368
86,AAPL,2021-08-02,145.52
87,AAPL,2021-07-30,145.86
88,AAPL,2021-07-29,145.64
89,AAPL,2021-07-28,144.98
90,AAPL,2021-07-27,146.77
91,AAPL,2021-07-26,148.99
92,AAPL,2021-07-23,148.56
93,AAPL,2021-07-22,146.8
94,AAPL,2021-07-21,145.4
95,AAPL,2021-07-20,146.15
96,AAPL,2021-07-19,142.45
97,AAPL,2021-07-16,146.39
98,AAPL,2021-07-15,148.48
99,AAPL,2021-07-14,149.15
100,AAPL,2021-07-13,145.64
101,AAPL,2021-07-12,144.5
102,AAPL,2021-07-09,145.135
103,AAPL,2021-07-08,143.24
104,AAPL,2021-07-07,143.82
105,AAPL,2021-07-06,142.02
106,AAPL,2021-07-02,139.96
107,AAPL,2021-07-01,137.27
108,AAPL,2021-06-30,136.96
109,AAPL,2021-06-29,136.33
110,AAPL,2021-06-28,134.78
111,AAPL,2021-06-25,133.11
112,AAPL,2021-06-24,133.41
113,AAPL,2021-06-23,133.7
114,AAPL,2021-06-22,133.98
115,AAPL,2021-06-21,132.3
116,AAPL,2021-06-18,130.97
117,AAPL,2021-06-17,131.79
118,AAPL,2021-06-16,130.15
119,AAPL,2021-06-15,129.64
120,AAPL,2021-06-14,130.48
121,AAPL,2021-06-11,126.992
122,AAPL,2021-06-10,126.11
123,AAPL,2021-06-09,127.13
124,AAPL,2021-06-08,126.74
125,AAPL,2021-06-07,125.9
126,AAPL,2021-06-04,125.89
127,AAPL,2021-06-03,123.54
128,AAPL,2021-06-02,125.06
129,AAPL,2021-06-01,124.28
130,AAPL,2021-05-28,124.61
131,AAPL,2021-05-27,125.28
132,AAPL,2021-05-26,126.85
133,AAPL,2021-05-25,126.9
134,AAPL,2021-05-24,127.1
135,AAPL,2021-05-21,126.018
136,AAPL,2021-05-20,126.49
137,AAPL,2021-05-19,123.97
138,AAPL,2021-05-18,124.85
139,AAPL,2021-05-17,126.27
140,AAPL,2021-05-14,127.45
141,AAPL,2021-05-13,125.145
142,AAPL,2021-05-12,122.77
143,AAPL,2021-05-11,124.12
144,AAPL,2021-05-10,126.85
145,AAPL,2021-05-07,130.21
146,AAPL,2021-05-06,129.74
147,AAPL,2021-05-05,128.1
148,AAPL,2021-05-04,127.85
149,AAPL,2021-05-03,133.722
150,AAPL,2021-04-30,131.912
151,AAPL,2021-04-29,133.48
152,AAPL,2021-04-28,133.58
153,AAPL,2021-04-27,134.39
154,AAPL,2021-04-26,134.72
155,AAPL,2021-04-23,134.768
156,AAPL,2021-04-22,131.94
157,AAPL,2021-04-21,133.5
158,AAPL,2021-04-20,133.11
159,AAPL,2021-04-19,134.84
160,AAPL,2021-04-16,134.16
161,AAPL,2021-04-15,134.5
162,AAPL,2021-04-14,132.03
163,AAPL,2021-04-13,134.43
164,AAPL,2021-04-12,131.24
165,AAPL,2021-04-09,132.995
166,AAPL,2021-04-08,130.36
167,AAPL,2021-04-07,127.9
168,AAPL,2021-04-06,126.21
169,AAPL,2021-04-05,125.9
170,AAPL,2021-04-01,123.0
171,AAPL,2021-03-31,122.15
172,AAPL,2021-03-30,119.9
173,AAPL,2021-03-29,121.39
174,AAPL,2021-03-26,121.21
175,AAPL,2021-03-25,120.59
176,AAPL,2021-03-24,120.09
177,AAPL,2021-03-23,122.54
178,AAPL,2021-03-22,123.39
179,AAPL,2021-03-19,119.99
180,AAPL,2021-03-18,120.53
181,AAPL,2021-03-17,124.76
182,AAPL,2021-03-16,125.57
183,AAPL,2021-03-15,123.99
184,AAPL,2021-03-12,121.03
185,AAPL,2021-03-11,121.96
186,AAPL,2021-03-10,119.98
187,AAPL,2021-03-09,121.085
188,AAPL,2021-03-08,116.36
189,AAPL,2021-03-05,121.42
190,AAPL,2021-03-04,120.13
191,AAPL,2021-03-03,122.06
192,AAPL,2021-03-02,125.12
193,AAPL,2021-03-01,127.79
194,AAPL,2021-02-26,121.26
195,AAPL,2021-02-25,120.99
196,AAPL,2021-02-24,125.35
197,AAPL,2021-02-23,125.86
198,AAPL,2021-02-22,126.0
199,AAPL,2021-02-19,129.87
200,AAPL,2021-02-18,129.71
201,AAPL,2021-02-17,130.84
202,AAPL,2021-02-16,133.19
203,AAPL,2021-02-12,135.37
204,AAPL,2021-02-11,135.13
205,AAPL,2021-02-10,135.39
206,AAPL,2021-02-09,136.01
207,AAPL,2021-02-08,136.91
208,AAPL,2021-02-05,136.76
209,AAPL,2021-02-04,137.39
210,AAPL,2021-02-03,133.94
211,AAPL,2021-02-02,134.99
212,AAPL,2021-02-01,134.14
213,AAPL,2021-01-29,131.96
214,AAPL,2021-01-28,137.09
215,AAPL,2021-01-27,142.06
216,AAPL,2021-01-26,143.16
217,AAPL,2021-01-25,142.92
218,AAPL,2021-01-22,139.07
219,AAPL,2021-01-21,136.87
220,AAPL,2021-01-20,132.03
221,AAPL,2021-01-19,127.83
222,AAPL,2021-01-15,127.14
223,AAPL,2021-01-14,128.91
224,AAPL,2021-01-13,130.89
225,AAPL,2021-01-12,128.8
226,AAPL,2021-01-11,128.98
227,AAPL,2021-01-08,132.05
228,AAPL,2021-01-07,130.92
229,AAPL,2021-01-06,126.6
230,AAPL,2021-01-05,131.01
231,AAPL,2021-01-04,129.41
232,AAPL,2020-12-31,132.69
233,AAPL,2020-12-30,133.72
234,AAPL,2020-12-29,134.87
235,AAPL,2020-12-28,136.69
236,AAPL,2020-12-24,131.97
237,AAPL,2020-12-23,130.96
238,AAPL,2020-12-22,131.88
239,AAPL,2020-12-21,128.23
240,AAPL,2020-12-18,126.655
241,AAPL,2020-12-17,128.7
242,AAPL,2020-12-16,127.81
243,AAPL,2020-12-15,127.88
244,AAPL,2020-12-14,121.78
245,AAPL,2020-12-11,122.41
246,AAPL,2020-12-10,123.24
247,AAPL,2020-12-09,121.78
248,AAPL,2020-12-08,124.38
249,AAPL,2020-12-07,123.75
250,AAPL,2020-12-04,122.25
251,AAPL,2020-12-03,122.94
252,AAPL,2020-12-02,123.08
253,AAPL,2020-12-01,122.72
254,AAPL,2020-11-30,119.05
255,AAPL,2020-11-27,116.59
256,AAPL,2020-11-25,116.03
257,AAPL,2020-11-24,115.17
258,AAPL,2020-11-23,113.85
259,AAPL,2020-11-20,117.34
260,AAPL,2020-11-19,118.64
261,AAPL,2020-11-18,118.03
262,AAPL,2020-11-17,119.39
263,AAPL,2020-11-16,120.3
264,AAPL,2020-11-13,119.26
265,AAPL,2020-11-12,119.21
266,AAPL,2020-11-11,119.49
267,AAPL,2020-11-10,115.97
268,AAPL,2020-11-09,116.32
269,AAPL,2020-11-06,118.69
270,AAPL,2020-11-05,119.03
271,AAPL,2020-11-04,114.95
272,AAPL,2020-11-03,110.44
273,AAPL,2020-11-02,108.77
274,AAPL,2020-10-30,108.86
275,AAPL,2020-10-29,115.32
276,AAPL,2020-10-28,111.2
277,AAPL,2020-10-27,116.6
278,AAPL,2020-10-26,115.05
279,AAPL,2020-10-23,115.04
280,AAPL,2020-10-22,115.75
281,AAPL,2020-10-21,116.87
282,AAPL,2020-10-20,117.51
283,AAPL,2020-10-19,115.98
284,AAPL,2020-10-16,119.02
285,AAPL,2020-10-15,120.71
286,AAPL,2020-10-14,121.19
287,AAPL,2020-10-13,121.1
288,AAPL,2020-10-12,124.4
289,AAPL,2020-10-09,116.97
290,AAPL,2020-10-08,114.97
291,AAPL,2020-10-07,115.08
292,AAPL,2020-10-06,113.16
293,AAPL,2020-10-05,116.5
294,AAPL,2020-10-02,113.02
295,AAPL,2020-10-01,116.79
296,AAPL,2020-09-30,115.81
297,AAPL,2020-09-29,114.09
298,AAPL,2020-09-28,114.96
299,AAPL,2020-09-25,112.28
300,AAPL,2020-09-24,108.22
301,AAPL,2020-09-23,107.12
302,AAPL,2020-09-22,111.81
303,AAPL,2020-09-21,110.08
304,AAPL,2020-09-18,106.84
305,AAPL,2020-09-17,110.34
306,AAPL,2020-09-16,112.13
307,AAPL,2020-09-15,115.54
308,AAPL,2020-09-14,115.355
309,AAPL,2020-09-11,112.0
310,AAPL,2020-09-10,113.49
311,AAPL,2020-09-09,117.32
312,AAPL,2020-09-08,112.82
313,AAPL,2020-09-04,120.96
314,AAPL,2020-09-03,120.88
315,AAPL,2020-09-02,131.4
316,AAPL,2020-09-01,134.18
317,AAPL,2020-08-31,129.04
318,AAPL,2020-08-28,124.808
319,AAPL,2020-08-27,125.01
320,AAPL,2020-08-26,126.522
321,AAPL,2020-08-25,124.825
322,AAPL,2020-08-24,125.857
323,AAPL,2020-08-21,124.37
324,AAPL,2020-08-20,118.275
325,AAPL,2020-08-19,115.707
326,AAPL,2020-08-18,115.562
327,AAPL,2020-08-17,114.607
328,AAPL,2020-08-14,114.908
329,AAPL,2020-08-13,115.01
330,AAPL,2020-08-12,113.01
331,AAPL,2020-08-11,109.375
332,AAPL,2020-08-10,112.728
333,AAPL,2020-08-07,111.113
334,AAPL,2020-08-06,113.902
335,AAPL,2020-08-05,110.062
336,AAPL,2020-08-04,109.665
337,AAPL,2020-08-03,108.938
338,AAPL,2020-07-31,106.26
339,AAPL,2020-07-30,96.19
340,AAPL,2020-07-29,95.04
341,AAPL,2020-07-28,93.2525
342,AAPL,2020-07-27,94.81
343,AAPL,2020-07-24,92.615
344,AAPL,2020-07-23,92.845
345,AAPL,2020-07-22,97.2725
346,AAPL,2020-07-21,97.0
347,AAPL,2020-07-20,98.3575
348,AAPL,2020-07-17,96.3275
349,AAPL,2020-07-16,96.5225
350,AAPL,2020-07-15,97.725
351,AAPL,2020-07-14,97.0575
352,AAPL,2020-07-13,95.4775
353,AAPL,2020-07-10,95.92
354,AAPL,2020-07-09,95.7525
355,AAPL,2020-07-08,95.3425
356,AAPL,2020-07-07,93.1725
357,AAPL,2020-07-06,93.4625
358,AAPL,2020-07-02,91.0275
359,AAPL,2020-07-01,91.0275
360,AAPL,2020-06-30,91.2
361,AAPL,2020-06-29,90.445
362,AAPL,2020-06-26,88.4075
363,AAPL,2020-06-25,91.21
364,AAPL,2020-06-24,90.015
365,AAPL,2020-06-23,91.6325
366,AAPL,2020-06-22,89.7175
367,AAPL,2020-06-19,87.43
368,AAPL,2020-06-18,87.9325
369,AAPL,2020-06-17,87.8975
370,AAPL,2020-06-16,88.02
371,AAPL,2020-06-15,85.7475
372,AAPL,2020-06-12,84.7
373,AAPL,2020-06-11,83.975
374,AAPL,2020-06-10,88.21
375,AAPL,2020-06-09,85.9975
376,AAPL,2020-06-08,83.365
377,AAPL,2020-06-05,82.875
378,AAPL,2020-06-04,80.58
379,AAPL,2020-06-03,81.28
380,AAPL,2020-06-02,80.835
381,AAPL,2020-06-01,80.4625
382,AAPL,2020-05-29,79.485
383,AAPL,2020-05-28,79.5625
384,AAPL,2020-05-27,79.5275
385,AAPL,2020-05-26,79.1825
386,AAPL,2020-05-22,79.7225
387,AAPL,2020-05-21,79.2125
388,AAPL,2020-05-20,79.8075
389,AAPL,2020-05-19,78.285
390,AAPL,2020-05-18,78.74
391,AAPL,2020-05-15,76.9275
392,AAPL,2020-05-14,77.385
393,AAPL,2020-05-13,76.9125
394,AAPL,2020-05-12,77.8525
395,AAPL,2020-05-11,78.7525
396,AAPL,2020-05-08,77.5325
397,AAPL,2020-05-07,75.935
398,AAPL,2020-05-06,75.1575
399,AAPL,2020-05-05,74.39
400,AAPL,2020-05-04,73.29
401,AAPL,2020-05-01,72.2675
402,AAPL,2020-04-30,73.45
403,AAPL,2020-04-29,71.9325
404,AAPL,2020-04-28,69.645
405,AAPL,2020-04-27,70.7925
406,AAPL,2020-04-24,70.7425
407,AAPL,2020-04-23,68.7575
408,AAPL,2020-04-22,69.025
409,AAPL,2020-04-21,67.0925
410,AAPL,2020-04-20,69.2325
411,AAPL,2020-04-17,70.7
412,AAPL,2020-04-16,71.6725
413,AAPL,2020-04-15,71.1075
414,AAPL,2020-04-14,71.7625
415,AAPL,2020-04-13,68.3125
416,AAPL,2020-04-09,66.9975
417,AAPL,2020-04-08,66.5175
418,AAPL,2020-04-07,64.8575
419,AAPL,2020-04-06,65.6175
420,AAPL,2020-04-03,60.3525
421,AAPL,2020-04-02,61.2325
422,AAPL,2020-04-01,60.2275
423,AAPL,2020-03-31,63.5725
424,AAPL,2020-03-30,63.7025
425,AAPL,2020-03-27,61.935
426,AAPL,2020-03-26,64.61
427,AAPL,2020-03-25,61.38
428,AAPL,2020-03-24,61.72
429,AAPL,2020-03-23,56.0925
430,AAPL,2020-03-20,57.31
431,AAPL,2020-03-19,61.195
432,AAPL,2020-03-18,61.6675
433,AAPL,2020-03-17,63.215
434,AAPL,2020-03-16,60.5525
435,AAPL,2020-03-13,69.4925
436,AAPL,2020-03-12,62.0575
437,AAPL,2020-03-11,68.8575
438,AAPL,2020-03-10,71.335
439,AAPL,2020-03-09,66.5425
440,AAPL,2020-03-06,72.2575
441,AAPL,2020-03-05,73.23
442,AAPL,2020-03-04,75.685
443,AAPL,2020-03-03,72.33
444,AAPL,2020-03-02,74.7025
445,AAPL,2020-02-28,68.34
446,AAPL,2020-02-27,68.38
447,AAPL,2020-02-26,73.1625
448,AAPL,2020-02-25,72.02
449,AAPL,2020-02-24,74.545
450,AAPL,2020-02-21,78.2625
451,AAPL,2020-02-20,80.075
452,AAPL,2020-02-19,80.905
453,AAPL,2020-02-18,79.75
454,AAPL,2020-02-14,81.2375
455,AAPL,2020-02-13,81.2175
456,AAPL,2020-02-12,81.8
457,AAPL,2020-02-11,79.9025
458,AAPL,2020-02-10,80.3875
459,AAPL,2020-02-07,80.0075
460,AAPL,2020-02-06,81.3025
461,AAPL,2020-02-05,80.3625
462,AAPL,2020-02-04,79.7125
463,AAPL,2020-02-03,77.165
464,AAPL,2020-01-31,77.3775
465,AAPL,2020-01-30,80.9675
466,AAPL,2020-01-29,81.085
467,AAPL,2020-01-28,79.4225
468,AAPL,2020-01-27,77.2375
469,AAPL,2020-01-24,79.5775
470,AAPL,2020-01-23,79.8075
471,AAPL,2020-01-22,79.425
472,AAPL,2020-01-21,79.1425
473,AAPL,2020-01-17,79.6825
474,AAPL,2020-01-16,78.81
475,AAPL,2020-01-15,77.835
476,AAPL,2020-01-14,78.17
477,AAPL,2020-01-13,79.24
478,AAPL,2020-01-10,77.5825
479,AAPL,2020-01-09,77.4075
480,AAPL,2020-01-08,75.7975
481,AAPL,2020-01-07,74.5975
482,AAPL,2020-01-06,74.95
483,AAPL,2020-01-03,74.3575
484,AAPL,2020-01-02,75.0875
485,AMZN,2021-12-02,3437.36
486,AMZN,2021-12-01,3443.72
487,AMZN,2021-11-30,3507.07
488,AMZN,2021-11-29,3561.57
489,AMZN,2021-11-26,3504.56
490,AMZN,2021-11-24,3580.41
491,AMZN,2021-11-23,3580.04
492,AMZN,2021-11-22,3572.57
493,AMZN,2021-11-19,3676.57
494,AMZN,2021-11-18,3696.06
495,AMZN,2021-11-17,3549.0
496,AMZN,2021-11-16,3540.7
497,AMZN,2021-11-15,3545.68
498,AMZN,2021-11-12,3525.15
499,AMZN,2021-11-11,3472.5
500,AMZN,2021-11-10,3482.05
501,AMZN,2021-11-09,3576.23
502,AMZN,2021-11-08,3488.98
503,AMZN,2021-11-05,3518.0
504,AMZN,2021-11-04,3477.0
505,AMZN,2021-11-03,3384.0
506,AMZN,2021-11-02,3312.75
507,AMZN,2021-11-01,3318.11
508,AMZN,2021-10-29,3372.43
509,AMZN,2021-10-28,3446.57
510,AMZN,2021-10-27,3392.49
511,AMZN,2021-10-26,3376.07
512,AMZN,2021-10-25,3320.37
513,AMZN,2021-10-22,3335.55
514,AMZN,2021-10-21,3435.01
515,AMZN,2021-10-20,3415.06
516,AMZN,2021-10-19,3444.15
517,AMZN,2021-10-18,3446.74
518,AMZN,2021-10-15,3409.02
519,AMZN,2021-10-14,3299.86
520,AMZN,2021-10-13,3284.28
521,AMZN,2021-10-12,3247.33
522,AMZN,2021-10-11,3246.3
523,AMZN,2021-10-08,3288.62
524,AMZN,2021-10-07,3302.43
525,AMZN,2021-10-06,3262.01
526,AMZN,2021-10-05,3221.0
527,AMZN,2021-10-04,3189.78
528,AMZN,2021-10-01,3283.26
529,AMZN,2021-09-30,3285.2
530,AMZN,2021-09-29,3301.12
531,AMZN,2021-09-28,3315.96
532,AMZN,2021-09-27,3375.96
533,AMZN,2021-09-24,3397.71
534,AMZN,2021-09-23,3416.0
535,AMZN,2021-09-22,3368.0
536,AMZN,2021-09-21,3343.63
537,AMZN,2021-09-20,3355.73
538,AMZN,2021-09-17,3462.52
539,AMZN,2021-09-16,3488.24
540,AMZN,2021-09-15,3475.79
541,AMZN,2021-09-14,3450.0
542,AMZN,2021-09-13,3457.17
543,AMZN,2021-09-10,3469.15
544,AMZN,2021-09-09,3484.16
545,AMZN,2021-09-08,3525.5
546,AMZN,2021-09-07,3509.29
547,AMZN,2021-09-03,3478.05
548,AMZN,2021-09-02,3504.53
549,AMZN,2021-09-01,3479.0
550,AMZN,2021-08-31,3470.79
551,AMZN,2021-08-30,3421.57
552,AMZN,2021-08-27,3349.63
553,AMZN,2021-08-26,3307.57
554,AMZN,2021-08-25,3299.18
555,AMZN,2021-08-24,3305.78
556,AMZN,2021-08-23,3265.87
557,AMZN,2021-08-20,3199.95
558,AMZN,2021-08-19,3218.56
559,AMZN,2021-08-18,3201.22
560,AMZN,2021-08-17,3241.96
561,AMZN,2021-08-16,3298.99
562,AMZN,2021-08-13,3293.97
563,AMZN,2021-08-12,3289.7
564,AMZN,2021-08-11,3292.11
565,AMZN,2021-08-10,3320.68
566,AMZN,2021-08-09,3341.87
567,AMZN,2021-08-06,3344.94
568,AMZN,2021-08-05,3375.99
569,AMZN,2021-08-04,3354.72
570,AMZN,2021-08-03,3383.72
571,AMZN,2021-08-02,3331.48
572,AMZN,2021-07-30,3327.59
573,AMZN,2021-07-29,3599.92
574,AMZN,2021-07-28,3630.32
575,AMZN,2021-07-27,3626.39
576,AMZN,2021-07-26,3699.82
577,AMZN,2021-07-23,3656.64
578,AMZN,2021-07-22,3638.03
579,AMZN,2021-07-21,3585.2
580,AMZN,2021-07-20,3573.19
581,AMZN,2021-07-19,3549.59
582,AMZN,2021-07-16,3573.63
583,AMZN,2021-07-15,3631.2
584,AMZN,2021-07-14,3681.68
585,AMZN,2021-07-13,3677.36
586,AMZN,2021-07-12,3718.55
587,AMZN,2021-07-09,3719.34
588,AMZN,2021-07-08,3731.41
589,AMZN,2021-07-07,3696.58
590,AMZN,2021-07-06,3675.74
591,AMZN,2021-07-02,3510.98
592,AMZN,2021-07-01,3432.97
593,AMZN,2021-06-30,3440.16
594,AMZN,2021-06-29,3448.14
595,AMZN,2021-06-28,3443.89
596,AMZN,2021-06-25,3401.46
597,AMZN,2021-06-24,3449.08
598,AMZN,2021-06-23,3503.82
599,AMZN,2021-06-22,3505.44
600,AMZN,2021-06-21,3453.96
601,AMZN,2021-06-18,3506.99
602,AMZN,2021-06-17,3489.24
603,AMZN,2021-06-16,3415.25
604,AMZN,2021-06-15,3383.13
605,AMZN,2021-06-14,3383.87
606,AMZN,2021-06-11,3346.83
607,AMZN,2021-06-10,3349.65
608,AMZN,2021-06-09,3281.15
609,AMZN,2021-06-08,3264.11
610,AMZN,2021-06-07,3198.01
611,AMZN,2021-06-04,3206.22
612,AMZN,2021-06-03,3187.01
613,AMZN,2021-06-02,3233.99
614,AMZN,2021-06-01,3218.65
615,AMZN,2021-05-28,3223.07
616,AMZN,2021-05-27,3230.11
617,AMZN,2021-05-26,3265.16
618,AMZN,2021-05-25,3259.05
619,AMZN,2021-05-24,3244.99
620,AMZN,2021-05-21,3203.08
621,AMZN,2021-05-20,3237.57
622,AMZN,2021-05-19,3200.23
623,AMZN,2021-05-18,3232.28
624,AMZN,2021-05-17,3270.39
625,AMZN,2021-05-14,3222.9
626,AMZN,2021-05-13,3161.47
627,AMZN,2021-05-12,3151.94
628,AMZN,2021-05-11,3223.91
629,AMZN,2021-05-10,3190.49
630,AMZN,2021-05-07,3291.61
631,AMZN,2021-05-06,3306.37
632,AMZN,2021-05-05,3270.54
633,AMZN,2021-05-04,3311.87
634,AMZN,2021-05-03,3386.49
635,AMZN,2021-04-30,3467.42
636,AMZN,2021-04-29,3471.31
637,AMZN,2021-04-28,3458.5
638,AMZN,2021-04-27,3417.43
639,AMZN,2021-04-26,3409.0
640,AMZN,2021-04-23,3340.88
641,AMZN,2021-04-22,3309.04
642,AMZN,2021-04-21,3362.02
643,AMZN,2021-04-20,3334.69
644,AMZN,2021-04-19,3372.01
645,AMZN,2021-04-16,3399.44
646,AMZN,2021-04-15,3379.09
647,AMZN,2021-04-14,3333.0
648,AMZN,2021-04-13,3400.0
649,AMZN,2021-04-12,3379.39
650,AMZN,2021-04-09,3372.2
651,AMZN,2021-04-08,3299.3
652,AMZN,2021-04-07,3279.39
653,AMZN,2021-04-06,3223.82
654,AMZN,2021-04-05,3226.73
655,AMZN,2021-04-01,3161.0
656,AMZN,2021-03-31,3094.08
657,AMZN,2021-03-30,3055.29
658,AMZN,2021-03-29,3075.73
659,AMZN,2021-03-26,3052.03
660,AMZN,2021-03-25,3046.26
661,AMZN,2021-03-24,3087.07
662,AMZN,2021-03-23,3137.5
663,AMZN,2021-03-22,3110.87
664,AMZN,2021-03-19,3074.96
665,AMZN,2021-03-18,3027.99
666,AMZN,2021-03-17,3135.73
667,AMZN,2021-03-16,3091.86
668,AMZN,2021-03-15,3081.68
669,AMZN,2021-03-12,3089.49
670,AMZN,2021-03-11,3113.59
671,AMZN,2021-03-10,3057.64
672,AMZN,2021-03-09,3062.85
673,AMZN,2021-03-08,2951.95
674,AMZN,2021-03-05,3000.46
675,AMZN,2021-03-04,2977.57
676,AMZN,2021-03-03,3005.0
677,AMZN,2021-03-02,3094.53
678,AMZN,2021-03-01,3146.14
679,AMZN,2021-02-26,3092.93
680,AMZN,2021-02-25,3057.16
681,AMZN,2021-02-24,3159.53
682,AMZN,2021-02-23,3194.5
683,AMZN,2021-02-22,3180.74
684,AMZN,2021-02-19,3249.9
685,AMZN,2021-02-18,3328.23
686,AMZN,2021-02-17,3308.64
687,AMZN,2021-02-16,3268.95
688,AMZN,2021-02-12,3277.71
689,AMZN,2021-02-11,3262.13
690,AMZN,2021-02-10,3286.58
691,AMZN,2021-02-09,3305.0
692,AMZN,2021-02-08,3322.94
693,AMZN,2021-02-05,3352.15
694,AMZN,2021-02-04,3331.0
695,AMZN,2021-02-03,3312.53
696,AMZN,2021-02-02,3380.0
697,AMZN,2021-02-01,3342.88
698,AMZN,2021-01-29,3206.2
699,AMZN,2021-01-28,3237.62
700,AMZN,2021-01-27,3232.58
701,AMZN,2021-01-26,3326.13
702,AMZN,2021-01-25,3294.0
703,AMZN,2021-01-22,3292.23
704,AMZN,2021-01-21,3306.99
705,AMZN,2021-01-20,3263.38
706,AMZN,2021-01-19,3120.76
707,AMZN,2021-01-15,3104.25
708,AMZN,2021-01-14,3127.47
709,AMZN,2021-01-13,3165.89
710,AMZN,2021-01-12,3120.83
711,AMZN,2021-01-11,3114.21
712,AMZN,2021-01-08,3182.7
713,AMZN,2021-01-07,3162.16
714,AMZN,2021-01-06,3138.38
715,AMZN,2021-01-05,3218.51
716,AMZN,2021-01-04,3186.63
717,AMZN,2020-12-31,3256.93
718,AMZN,2020-12-30,3285.85
719,AMZN,2020-12-29,3322.0
720,AMZN,2020-12-28,3283.96
721,AMZN,2020-12-24,3172.69
722,AMZN,2020-12-23,3185.27
723,AMZN,2020-12-22,3206.52
724,AMZN,2020-12-21,3206.18
725,AMZN,2020-12-18,3201.65
726,AMZN,2020-12-17,3236.08
727,AMZN,2020-12-16,3240.96
728,AMZN,2020-12-15,3165.12
729,AMZN,2020-12-14,3156.97
730,AMZN,2020-12-11,3116.42
731,AMZN,2020-12-10,3101.49
732,AMZN,2020-12-09,3104.2
733,AMZN,2020-12-08,3177.29
734,AMZN,2020-12-07,3158.0
735,AMZN,2020-12-04,3162.58
736,AMZN,2020-12-03,3186.73
737,AMZN,2020-12-02,3203.53
738,AMZN,2020-12-01,3220.08
739,AMZN,2020-11-30,3168.04
740,AMZN,2020-11-27,3195.34
741,AMZN,2020-11-25,3185.07
742,AMZN,2020-11-24,3118.06
743,AMZN,2020-11-23,3098.39
744,AMZN,2020-11-20,3099.4
745,AMZN,2020-11-19,3117.02
746,AMZN,2020-11-18,3105.46
747,AMZN,2020-11-17,3135.66
748,AMZN,2020-11-16,3131.06
749,AMZN,2020-11-13,3128.81
750,AMZN,2020-11-12,3110.28
751,AMZN,2020-11-11,3137.39
752,AMZN,2020-11-10,3035.02
753,AMZN,2020-11-09,3143.74
754,AMZN,2020-11-06,3311.37
755,AMZN,2020-11-05,3322.0
756,AMZN,2020-11-04,3241.16
757,AMZN,2020-11-03,3048.41
758,AMZN,2020-11-02,3004.48
759,AMZN,2020-10-30,3036.15
760,AMZN,2020-10-29,3211.01
761,AMZN,2020-10-28,3162.78
762,AMZN,2020-10-27,3286.33
763,AMZN,2020-10-26,3207.04
764,AMZN,2020-10-23,3204.4
765,AMZN,2020-10-22,3176.4
766,AMZN,2020-10-21,3184.94
767,AMZN,2020-10-20,3217.01
768,AMZN,2020-10-19,3207.21
769,AMZN,2020-10-16,3272.71
770,AMZN,2020-10-15,3338.65
771,AMZN,2020-10-14,3363.71
772,AMZN,2020-10-13,3443.63
773,AMZN,2020-10-12,3442.93
774,AMZN,2020-10-09,3286.65
775,AMZN,2020-10-08,3190.55
776,AMZN,2020-10-07,3195.69
777,AMZN,2020-10-06,3099.96
778,AMZN,2020-10-05,3199.2
779,AMZN,2020-10-02,3125.0
780,AMZN,2020-10-01,3221.26
781,AMZN,2020-09-30,3148.73
782,AMZN,2020-09-29,3144.88
783,AMZN,2020-09-28,3174.05
784,AMZN,2020-09-25,3095.13
785,AMZN,2020-09-24,3019.79
786,AMZN,2020-09-23,2999.86
787,AMZN,2020-09-22,3128.99
788,AMZN,2020-09-21,2960.47
789,AMZN,2020-09-18,2954.91
790,AMZN,2020-09-17,3008.73
791,AMZN,2020-09-16,3078.1
792,AMZN,2020-09-15,3156.13
793,AMZN,2020-09-14,3102.97
794,AMZN,2020-09-11,3116.22
795,AMZN,2020-09-10,3175.11
796,AMZN,2020-09-09,3268.61
797,AMZN,2020-09-08,3149.84
798,AMZN,2020-09-04,3294.62
799,AMZN,2020-09-03,3368.0
800,AMZN,2020-09-02,3531.45
801,AMZN,2020-09-01,3499.12
802,AMZN,2020-08-31,3450.96
803,AMZN,2020-08-28,3400.32
804,AMZN,2020-08-27,3400.0
805,AMZN,2020-08-26,3441.85
806,AMZN,2020-08-25,3346.49
807,AMZN,2020-08-24,3307.46
808,AMZN,2020-08-21,3284.72
809,AMZN,2020-08-20,3297.37
810,AMZN,2020-08-19,3260.48
811,AMZN,2020-08-18,3312.49
812,AMZN,2020-08-17,3182.41
813,AMZN,2020-08-14,3148.02
814,AMZN,2020-08-13,3161.02
815,AMZN,2020-08-12,3162.24
816,AMZN,2020-08-11,3080.67
817,AMZN,2020-08-10,3148.16
818,AMZN,2020-08-07,3167.46
819,AMZN,2020-08-06,3225.0
820,AMZN,2020-08-05,3205.03
821,AMZN,2020-08-04,3138.83
822,AMZN,2020-08-03,3111.89
823,AMZN,2020-07-31,3164.68
824,AMZN,2020-07-30,3051.88
825,AMZN,2020-07-29,3033.53
826,AMZN,2020-07-28,3000.33
827,AMZN,2020-07-27,3055.21
828,AMZN,2020-07-24,3008.91
829,AMZN,2020-07-23,2986.55
830,AMZN,2020-07-22,3099.91
831,AMZN,2020-07-21,3138.29
832,AMZN,2020-07-20,3196.84
833,AMZN,2020-07-17,2961.97
834,AMZN,2020-07-16,2999.9
835,AMZN,2020-07-15,3008.87
836,AMZN,2020-07-14,3084.0
837,AMZN,2020-07-13,3104.0
838,AMZN,2020-07-10,3200.0
839,AMZN,2020-07-09,3182.63
840,AMZN,2020-07-08,3081.11
841,AMZN,2020-07-07,3000.12
842,AMZN,2020-07-06,3057.04
843,AMZN,2020-07-02,2890.3
844,AMZN,2020-07-01,2878.7
845,AMZN,2020-06-30,2758.82
846,AMZN,2020-06-29,2680.38
847,AMZN,2020-06-26,2692.87
848,AMZN,2020-06-25,2754.58
849,AMZN,2020-06-24,2734.4
850,AMZN,2020-06-23,2764.41
851,AMZN,2020-06-22,2713.82
852,AMZN,2020-06-19,2675.01
853,AMZN,2020-06-18,2653.98
854,AMZN,2020-06-17,2640.98
855,AMZN,2020-06-16,2615.27
856,AMZN,2020-06-15,2572.68
857,AMZN,2020-06-12,2545.02
858,AMZN,2020-06-11,2557.96
859,AMZN,2020-06-10,2647.45
860,AMZN,2020-06-09,2600.86
861,AMZN,2020-06-08,2524.06
862,AMZN,2020-06-05,2483.0
863,AMZN,2020-06-04,2460.6
864,AMZN,2020-06-03,2478.4
865,AMZN,2020-06-02,2472.41
866,AMZN,2020-06-01,2471.04
867,AMZN,2020-05-29,2442.37
868,AMZN,2020-05-28,2401.1
869,AMZN,2020-05-27,2410.39
870,AMZN,2020-05-26,2421.86
871,AMZN,2020-05-22,2436.88
872,AMZN,2020-05-21,2446.74
873,AMZN,2020-05-20,2497.94
874,AMZN,2020-05-19,2449.33
875,AMZN,2020-05-18,2426.26
876,AMZN,2020-05-15,2409.78
877,AMZN,2020-05-14,2388.85
878,AMZN,2020-05-13,2367.92
879,AMZN,2020-05-12,2356.95
880,AMZN,2020-05-11,2409.0
881,AMZN,2020-05-08,2379.61
882,AMZN,2020-05-07,2367.61
883,AMZN,2020-05-06,2351.26
884,AMZN,2020-05-05,2317.8
885,AMZN,2020-05-04,2315.99
886,AMZN,2020-05-01,2286.04
887,AMZN,2020-04-30,2474.0
888,AMZN,2020-04-29,2372.71
889,AMZN,2020-04-28,2314.08
890,AMZN,2020-04-27,2376.0
891,AMZN,2020-04-24,2410.22
892,AMZN,2020-04-23,2399.45
893,AMZN,2020-04-22,2363.49
894,AMZN,2020-04-21,2328.12
895,AMZN,2020-04-20,2393.61
896,AMZN,2020-04-17,2375.0
897,AMZN,2020-04-16,2408.19
898,AMZN,2020-04-15,2307.68
899,AMZN,2020-04-14,2283.32
900,AMZN,2020-04-13,2168.87
901,AMZN,2020-04-09,2042.76
902,AMZN,2020-04-08,2043.0
903,AMZN,2020-04-07,2011.6
904,AMZN,2020-04-06,1997.59
905,AMZN,2020-04-03,1906.59
906,AMZN,2020-04-02,1918.83
907,AMZN,2020-04-01,1907.7
908,AMZN,2020-03-31,1949.72
909,AMZN,2020-03-30,1963.95
910,AMZN,2020-03-27,1900.1
911,AMZN,2020-03-26,1955.49
912,AMZN,2020-03-25,1885.84
913,AMZN,2020-03-24,1940.1
914,AMZN,2020-03-23,1902.83
915,AMZN,2020-03-20,1846.09
916,AMZN,2020-03-19,1880.93
917,AMZN,2020-03-18,1830.0
918,AMZN,2020-03-17,1807.84
919,AMZN,2020-03-16,1689.15
920,AMZN,2020-03-13,1785.0
921,AMZN,2020-03-12,1676.61
922,AMZN,2020-03-11,1820.86
923,AMZN,2020-03-10,1891.82
924,AMZN,2020-03-09,1800.61
925,AMZN,2020-03-06,1901.09
926,AMZN,2020-03-05,1924.03
927,AMZN,2020-03-04,1975.83
928,AMZN,2020-03-03,1908.99
929,AMZN,2020-03-02,1953.95
930,AMZN,2020-02-28,1883.75
931,AMZN,2020-02-27,1884.3
932,AMZN,2020-02-26,1979.59
933,AMZN,2020-02-25,1972.74
934,AMZN,2020-02-24,2009.29
935,AMZN,2020-02-21,2095.97
936,AMZN,2020-02-20,2153.1
937,AMZN,2020-02-19,2170.22
938,AMZN,2020-02-18,2155.67
939,AMZN,2020-02-14,2134.87
940,AMZN,2020-02-13,2149.87
941,AMZN,2020-02-12,2160.0
942,AMZN,2020-02-11,2150.8
943,AMZN,2020-02-10,2133.91
944,AMZN,2020-02-07,2079.28
945,AMZN,2020-02-06,2050.23
946,AMZN,2020-02-05,2039.87
947,AMZN,2020-02-04,2049.67
948,AMZN,2020-02-03,2004.2
949,AMZN,2020-01-31,2008.72
950,AMZN,2020-01-30,1870.68
951,AMZN,2020-01-29,1858.0
952,AMZN,2020-01-28,1853.25
953,AMZN,2020-01-27,1828.34
954,AMZN,2020-01-24,1861.64
955,AMZN,2020-01-23,1884.58
956,AMZN,2020-01-22,1887.46
957,AMZN,2020-01-21,1892.0
958,AMZN,2020-01-17,1864.72
959,AMZN,2020-01-16,1877.94
960,AMZN,2020-01-15,1862.02
961,AMZN,2020-01-14,1869.44
962,AMZN,2020-01-13,1891.3
963,AMZN,2020-01-10,1883.16
964,AMZN,2020-01-09,1901.05
965,AMZN,2020-01-08,1891.97
966,AMZN,2020-01-07,1906.86
967,AMZN,2020-01-06,1902.88
968,AMZN,2020-01-03,1874.97
969,AMZN,2020-01-02,1898.01
970,FB,2021-12-02,310.39
971,FB,2021-12-01,310.6
972,FB,2021-11-30,324.46
973,FB,2021-11-29,338.03
974,FB,2021-11-26,333.12
975,FB,2021-11-24,341.06
976,FB,2021-11-23,337.25
977,FB,2021-11-22,341.01
978,FB,2021-11-19,345.3
979,FB,2021-11-18,338.69
980,FB,2021-11-17,340.77
981,FB,2021-11-16,342.96
982,FB,2021-11-15,347.56
983,FB,2021-11-12,340.89
984,FB,2021-11-11,327.74
985,FB,2021-11-10,327.64
986,FB,2021-11-09,335.37
987,FB,2021-11-08,338.62
988,FB,2021-11-05,341.35
989,FB,2021-11-04,335.85
990,FB,2021-11-03,331.7
991,FB,2021-11-02,328.08
992,FB,2021-11-01,329.98
993,FB,2021-10-29,323.57
994,FB,2021-10-28,316.92
995,FB,2021-10-27,312.22
996,FB,2021-10-26,315.81
997,FB,2021-10-25,328.69
998,FB,2021-10-22,324.61
999,FB,2021-10-21,341.88
1000,FB,2021-10-20,340.78
1001,FB,2021-10-19,339.99
1002,FB,2021-10-18,335.34
1003,FB,2021-10-15,324.76
1004,FB,2021-10-14,328.53
1005,FB,2021-10-13,324.54
1006,FB,2021-10-12,323.77
1007,FB,2021-10-11,325.45
1008,FB,2021-10-08,330.05
1009,FB,2021-10-07,329.22
1010,FB,2021-10-06,333.64
1011,FB,2021-10-05,332.96
1012,FB,2021-10-04,326.23
1013,FB,2021-10-01,343.01
1014,FB,2021-09-30,339.39
1015,FB,2021-09-29,339.61
1016,FB,2021-09-28,340.65
1017,FB,2021-09-27,353.58
1018,FB,2021-09-24,352.96
1019,FB,2021-09-23,345.96
1020,FB,2021-09-22,343.74
1021,FB,2021-09-21,357.48
1022,FB,2021-09-20,355.7
1023,FB,2021-09-17,364.72
1024,FB,2021-09-16,373.06
1025,FB,2021-09-15,373.92
1026,FB,2021-09-14,376.53
1027,FB,2021-09-13,376.51
1028,FB,2021-09-10,378.69
1029,FB,2021-09-09,378.0
1030,FB,2021-09-08,377.57
1031,FB,2021-09-07,382.18
1032,FB,2021-09-03,376.26
1033,FB,2021-09-02,375.28
1034,FB,2021-09-01,382.05
1035,FB,2021-08-31,379.38
1036,FB,2021-08-30,380.66
1037,FB,2021-08-27,372.63
1038,FB,2021-08-26,364.38
1039,FB,2021-08-25,368.39
1040,FB,2021-08-24,365.51
1041,FB,2021-08-23,365.135
1042,FB,2021-08-20,359.37
1043,FB,2021-08-19,355.12
1044,FB,2021-08-18,355.45
1045,FB,2021-08-17,358.45
1046,FB,2021-08-16,366.56
1047,FB,2021-08-13,363.18
1048,FB,2021-08-12,360.129
1049,FB,2021-08-11,359.96
1050,FB,2021-08-10,361.13
1051,FB,2021-08-09,361.61
1052,FB,2021-08-06,363.51
1053,FB,2021-08-05,362.97
1054,FB,2021-08-04,358.92
1055,FB,2021-08-03,351.24
1056,FB,2021-08-02,351.95
1057,FB,2021-07-30,356.3
1058,FB,2021-07-29,358.32
1059,FB,2021-07-28,373.28
1060,FB,2021-07-27,367.81
1061,FB,2021-07-26,372.46
1062,FB,2021-07-23,369.79
1063,FB,2021-07-22,351.19
1064,FB,2021-07-21,346.23
1065,FB,2021-07-20,341.66
1066,FB,2021-07-19,336.95
1067,FB,2021-07-16,341.16
1068,FB,2021-07-15,344.46
1069,FB,2021-07-14,347.63
1070,FB,2021-07-13,352.09
1071,FB,2021-07-12,353.16
1072,FB,2021-07-09,350.42
1073,FB,2021-07-08,345.65
1074,FB,2021-07-07,350.49
1075,FB,2021-07-06,352.78
1076,FB,2021-07-02,354.7
1077,FB,2021-07-01,354.39
1078,FB,2021-06-30,347.71
1079,FB,2021-06-29,351.89
1080,FB,2021-06-28,355.64
1081,FB,2021-06-25,341.37
1082,FB,2021-06-24,343.18
1083,FB,2021-06-23,340.59
1084,FB,2021-06-22,339.03
1085,FB,2021-06-21,332.29
1086,FB,2021-06-18,329.66
1087,FB,2021-06-17,336.51
1088,FB,2021-06-16,331.08
1089,FB,2021-06-15,336.75
1090,FB,2021-06-14,336.77
1091,FB,2021-06-11,331.26
1092,FB,2021-06-10,332.46
1093,FB,2021-06-09,330.25
1094,FB,2021-06-08,333.68
1095,FB,2021-06-07,336.58
1096,FB,2021-06-04,330.35
1097,FB,2021-06-03,326.04
1098,FB,2021-06-02,329.15
1099,FB,2021-06-01,329.13
1100,FB,2021-05-28,328.73
1101,FB,2021-05-27,332.75
1102,FB,2021-05-26,327.66
1103,FB,2021-05-25,327.79
1104,FB,2021-05-24,324.63
1105,FB,2021-05-21,316.23
1106,FB,2021-05-20,317.102
1107,FB,2021-05-19,311.111
1108,FB,2021-05-18,309.96
1109,FB,2021-05-17,315.46
1110,FB,2021-05-14,315.94
1111,FB,2021-05-13,305.26
1112,FB,2021-05-12,302.55
1113,FB,2021-05-11,306.53
1114,FB,2021-05-10,305.97
1115,FB,2021-05-07,319.08
1116,FB,2021-05-06,320.02
1117,FB,2021-05-05,315.02
1118,FB,2021-05-04,318.36
1119,FB,2021-05-03,322.58
1120,FB,2021-04-30,325.08
1121,FB,2021-04-29,329.51
1122,FB,2021-04-28,307.1
1123,FB,2021-04-27,303.57
1124,FB,2021-04-26,303.04
1125,FB,2021-04-23,301.13
1126,FB,2021-04-22,296.52
1127,FB,2021-04-21,301.47
1128,FB,2021-04-20,302.65
1129,FB,2021-04-19,302.24
1130,FB,2021-04-16,306.18
1131,FB,2021-04-15,307.82
1132,FB,2021-04-14,302.82
1133,FB,2021-04-13,309.76
1134,FB,2021-04-12,311.54
1135,FB,2021-04-09,312.46
1136,FB,2021-04-08,313.02
1137,FB,2021-04-07,313.09
1138,FB,2021-04-06,306.26
1139,FB,2021-04-05,308.91
1140,FB,2021-04-01,298.66
1141,FB,2021-03-31,294.53
1142,FB,2021-03-30,288.0
1143,FB,2021-03-29,290.82
1144,FB,2021-03-26,283.02
1145,FB,2021-03-25,278.74
1146,FB,2021-03-24,282.14
1147,FB,2021-03-23,297.81
1148,FB,2021-03-22,293.54
1149,FB,2021-03-19,290.11
1150,FB,2021-03-18,278.62
1151,FB,2021-03-17,284.01
1152,FB,2021-03-16,279.28
1153,FB,2021-03-15,273.75
1154,FB,2021-03-12,268.4
1155,FB,2021-03-11,273.88
1156,FB,2021-03-10,264.9
1157,FB,2021-03-09,265.74
1158,FB,2021-03-08,255.31
1159,FB,2021-03-05,264.28
1160,FB,2021-03-04,257.64
1161,FB,2021-03-03,255.41
1162,FB,2021-03-02,259.0
1163,FB,2021-03-01,264.91
1164,FB,2021-02-26,257.62
1165,FB,2021-02-25,254.69
1166,FB,2021-02-24,264.31
1167,FB,2021-02-23,265.855
1168,FB,2021-02-22,260.33
1169,FB,2021-02-19,261.56
1170,FB,2021-02-18,269.39
1171,FB,2021-02-17,273.57
1172,FB,2021-02-16,273.97
1173,FB,2021-02-12,270.5
1174,FB,2021-02-11,270.39
1175,FB,2021-02-10,271.87
1176,FB,2021-02-09,269.45
1177,FB,2021-02-08,266.58
1178,FB,2021-02-05,268.1
1179,FB,2021-02-04,266.49
1180,FB,2021-02-03,266.65
1181,FB,2021-02-02,267.08
1182,FB,2021-02-01,262.01
1183,FB,2021-01-29,258.33
1184,FB,2021-01-28,265.0
1185,FB,2021-01-27,272.14
1186,FB,2021-01-26,282.05
1187,FB,2021-01-25,278.01
1188,FB,2021-01-22,274.5
1189,FB,2021-01-21,272.87
1190,FB,2021-01-20,267.48
1191,FB,2021-01-19,261.1
1192,FB,2021-01-15,251.36
1193,FB,2021-01-14,245.64
1194,FB,2021-01-13,251.64
1195,FB,2021-01-12,251.09
1196,FB,2021-01-11,256.84
1197,FB,2021-01-08,267.57
1198,FB,2021-01-07,268.74
1199,FB,2021-01-06,263.31
1200,FB,2021-01-05,270.97
1201,FB,2021-01-04,268.94
1202,FB,2020-12-31,273.16
1203,FB,2020-12-30,271.87
1204,FB,2020-12-29,276.78
1205,FB,2020-12-28,277.0
1206,FB,2020-12-24,267.4
1207,FB,2020-12-23,268.11
1208,FB,2020-12-22,267.09
1209,FB,2020-12-21,272.79
1210,FB,2020-12-18,276.4
1211,FB,2020-12-17,274.48
1212,FB,2020-12-16,275.67
1213,FB,2020-12-15,275.55
1214,FB,2020-12-14,274.19
1215,FB,2020-12-11,273.55
1216,FB,2020-12-10,277.12
1217,FB,2020-12-09,277.92
1218,FB,2020-12-08,283.4
1219,FB,2020-12-07,285.58
1220,FB,2020-12-04,279.7
1221,FB,2020-12-03,281.85
1222,FB,2020-12-02,287.52
1223,FB,2020-12-01,286.55
1224,FB,2020-11-30,276.97
1225,FB,2020-11-27,277.81
1226,FB,2020-11-25,275.59
1227,FB,2020-11-24,276.92
1228,FB,2020-11-23,268.43
1229,FB,2020-11-20,269.7
1230,FB,2020-11-19,272.94
1231,FB,2020-11-18,271.97
1232,FB,2020-11-17,275.0
1233,FB,2020-11-16,278.96
1234,FB,2020-11-13,276.95
1235,FB,2020-11-12,275.08
1236,FB,2020-11-11,276.48
1237,FB,2020-11-10,272.43
1238,FB,2020-11-09,278.77
1239,FB,2020-11-06,293.41
1240,FB,2020-11-05,294.68
1241,FB,2020-11-04,287.38
1242,FB,2020-11-03,265.3
1243,FB,2020-11-02,261.36
1244,FB,2020-10-30,263.11
1245,FB,2020-10-29,280.83
1246,FB,2020-10-28,267.67
1247,FB,2020-10-27,283.29
1248,FB,2020-10-26,277.11
1249,FB,2020-10-23,284.79
1250,FB,2020-10-22,278.12
1251,FB,2020-10-21,278.73
1252,FB,2020-10-20,267.56
1253,FB,2020-10-19,261.4
1254,FB,2020-10-16,265.93
1255,FB,2020-10-15,266.72
1256,FB,2020-10-14,271.82
1257,FB,2020-10-13,276.14
1258,FB,2020-10-12,275.75
1259,FB,2020-10-09,264.45
1260,FB,2020-10-08,263.76
1261,FB,2020-10-07,258.12
1262,FB,2020-10-06,258.66
1263,FB,2020-10-05,264.65
1264,FB,2020-10-02,259.94
1265,FB,2020-10-01,266.63
1266,FB,2020-09-30,261.9
1267,FB,2020-09-29,261.79
1268,FB,2020-09-28,256.82
1269,FB,2020-09-25,254.82
1270,FB,2020-09-24,249.53
1271,FB,2020-09-23,249.02
1272,FB,2020-09-22,254.75
1273,FB,2020-09-21,248.15
1274,FB,2020-09-18,252.53
1275,FB,2020-09-17,254.82
1276,FB,2020-09-16,263.52
1277,FB,2020-09-15,272.42
1278,FB,2020-09-14,266.15
1279,FB,2020-09-11,266.61
1280,FB,2020-09-10,268.09
1281,FB,2020-09-09,273.72
1282,FB,2020-09-08,271.16
1283,FB,2020-09-04,282.73
1284,FB,2020-09-03,291.12
1285,FB,2020-09-02,302.5
1286,FB,2020-09-01,295.44
1287,FB,2020-08-31,293.2
1288,FB,2020-08-28,292.21
1289,FB,2020-08-27,293.22
1290,FB,2020-08-26,303.91
1291,FB,2020-08-25,280.82
1292,FB,2020-08-24,271.39
1293,FB,2020-08-21,267.01
1294,FB,2020-08-20,269.01
1295,FB,2020-08-19,262.59
1296,FB,2020-08-18,262.34
1297,FB,2020-08-17,261.16
1298,FB,2020-08-14,261.24
1299,FB,2020-08-13,261.3
1300,FB,2020-08-12,259.89
1301,FB,2020-08-11,256.13
1302,FB,2020-08-10,263.0
1303,FB,2020-08-07,268.44
1304,FB,2020-08-06,265.28
1305,FB,2020-08-05,249.12
1306,FB,2020-08-04,249.83
1307,FB,2020-08-03,251.96
1308,FB,2020-07-31,253.67
1309,FB,2020-07-30,234.5
1310,FB,2020-07-29,233.29
1311,FB,2020-07-28,230.12
1312,FB,2020-07-27,233.5
1313,FB,2020-07-24,230.71
1314,FB,2020-07-23,232.6
1315,FB,2020-07-22,239.87
1316,FB,2020-07-21,241.75
1317,FB,2020-07-20,245.42
1318,FB,2020-07-17,242.03
1319,FB,2020-07-16,240.93
1320,FB,2020-07-15,240.28
1321,FB,2020-07-14,239.73
1322,FB,2020-07-13,239.0
1323,FB,2020-07-10,245.07
1324,FB,2020-07-09,244.5
1325,FB,2020-07-08,243.58
1326,FB,2020-07-07,240.86
1327,FB,2020-07-06,240.28
1328,FB,2020-07-02,233.42
1329,FB,2020-07-01,237.55
1330,FB,2020-06-30,227.07
1331,FB,2020-06-29,220.64
1332,FB,2020-06-26,216.08
1333,FB,2020-06-25,235.68
1334,FB,2020-06-24,234.02
1335,FB,2020-06-23,242.24
1336,FB,2020-06-22,239.22
1337,FB,2020-06-19,238.79
1338,FB,2020-06-18,235.94
1339,FB,2020-06-17,235.53
1340,FB,2020-06-16,235.65
1341,FB,2020-06-15,232.5
1342,FB,2020-06-12,228.58
1343,FB,2020-06-11,224.43
1344,FB,2020-06-10,236.73
1345,FB,2020-06-09,238.67
1346,FB,2020-06-08,231.4
1347,FB,2020-06-05,230.77
1348,FB,2020-06-04,226.29
1349,FB,2020-06-03,230.16
1350,FB,2020-06-02,232.72
1351,FB,2020-06-01,231.91
1352,FB,2020-05-29,225.09
1353,FB,2020-05-28,225.46
1354,FB,2020-05-27,229.14
1355,FB,2020-05-26,232.2
1356,FB,2020-05-22,234.91
1357,FB,2020-05-21,231.39
1358,FB,2020-05-20,229.97
1359,FB,2020-05-19,216.88
1360,FB,2020-05-18,213.19
1361,FB,2020-05-15,210.88
1362,FB,2020-05-14,206.81
1363,FB,2020-05-13,205.1
1364,FB,2020-05-12,210.1
1365,FB,2020-05-11,213.18
1366,FB,2020-05-08,212.35
1367,FB,2020-05-07,211.26
1368,FB,2020-05-06,208.47
1369,FB,2020-05-05,207.07
1370,FB,2020-05-04,205.26
1371,FB,2020-05-01,202.27
1372,FB,2020-04-30,204.71
1373,FB,2020-04-29,194.19
1374,FB,2020-04-28,182.91
1375,FB,2020-04-27,187.5
1376,FB,2020-04-24,190.07
1377,FB,2020-04-23,185.13
1378,FB,2020-04-22,182.28
1379,FB,2020-04-21,170.8
1380,FB,2020-04-20,178.24
1381,FB,2020-04-17,179.24
1382,FB,2020-04-16,176.25
1383,FB,2020-04-15,176.97
1384,FB,2020-04-14,178.17
1385,FB,2020-04-13,174.79
1386,FB,2020-04-09,175.19
1387,FB,2020-04-08,174.28
1388,FB,2020-04-07,168.83
1389,FB,2020-04-06,165.55
1390,FB,2020-04-03,154.18
1391,FB,2020-04-02,158.19
1392,FB,2020-04-01,159.6
1393,FB,2020-03-31,166.8
1394,FB,2020-03-30,165.95
1395,FB,2020-03-27,156.79
1396,FB,2020-03-26,163.34
1397,FB,2020-03-25,156.21
1398,FB,2020-03-24,160.98
1399,FB,2020-03-23,148.1
1400,FB,2020-03-20,149.73
1401,FB,2020-03-19,153.13
1402,FB,2020-03-18,146.96
1403,FB,2020-03-17,149.42
1404,FB,2020-03-16,146.01
1405,FB,2020-03-13,170.28
1406,FB,2020-03-12,154.47
1407,FB,2020-03-11,170.24
1408,FB,2020-03-10,178.19
1409,FB,2020-03-09,169.5
1410,FB,2020-03-06,181.09
1411,FB,2020-03-05,185.17
1412,FB,2020-03-04,191.76
1413,FB,2020-03-03,185.89
1414,FB,2020-03-02,196.44
1415,FB,2020-02-28,192.47
1416,FB,2020-02-27,189.75
1417,FB,2020-02-26,197.2
1418,FB,2020-02-25,196.77
1419,FB,2020-02-24,200.72
1420,FB,2020-02-21,210.18
1421,FB,2020-02-20,214.58
1422,FB,2020-02-19,217.49
1423,FB,2020-02-18,217.8
1424,FB,2020-02-14,214.18
1425,FB,2020-02-13,213.14
1426,FB,2020-02-12,210.76
1427,FB,2020-02-11,207.19
1428,FB,2020-02-10,213.06
1429,FB,2020-02-07,212.33
1430,FB,2020-02-06,210.85
1431,FB,2020-02-05,210.11
1432,FB,2020-02-04,209.83
1433,FB,2020-02-03,204.19
1434,FB,2020-01-31,201.91
1435,FB,2020-01-30,209.53
1436,FB,2020-01-29,223.23
1437,FB,2020-01-28,217.79
1438,FB,2020-01-27,214.87
1439,FB,2020-01-24,217.94
1440,FB,2020-01-23,219.76
1441,FB,2020-01-22,221.32
1442,FB,2020-01-21,221.44
1443,FB,2020-01-17,222.14
1444,FB,2020-01-16,221.77
1445,FB,2020-01-15,221.15
1446,FB,2020-01-14,219.06
1447,FB,2020-01-13,221.91
1448,FB,2020-01-10,218.06
1449,FB,2020-01-09,218.3
1450,FB,2020-01-08,215.22
1451,FB,2020-01-07,213.06
1452,FB,2020-01-06,212.6
1453,FB,2020-01-03,208.67
1454,FB,2020-01-02,209.78
1455,GOOG,2021-12-02,2875.53
1456,GOOG,2021-12-01,2832.36
1457,GOOG,2021-11-30,2849.04
1458,GOOG,2021-11-29,2922.28
1459,GOOG,2021-11-26,2856.12
1460,GOOG,2021-11-24,2934.35
1461,GOOG,2021-11-23,2935.14
1462,GOOG,2021-11-22,2941.57
1463,GOOG,2021-11-19,2999.05
1464,GOOG,2021-11-18,3014.18
1465,GOOG,2021-11-17,2981.24
1466,GOOG,2021-11-16,2981.52
1467,GOOG,2021-11-15,2987.76
1468,GOOG,2021-11-12,2992.91
1469,GOOG,2021-11-11,2934.96
1470,GOOG,2021-11-10,2932.52
1471,GOOG,2021-11-09,2984.97
1472,GOOG,2021-11-08,2987.03
1473,GOOG,2021-11-05,2984.82
1474,GOOG,2021-11-04,2973.66
1475,GOOG,2021-11-03,2935.8
1476,GOOG,2021-11-02,2917.26
1477,GOOG,2021-11-01,2875.48
1478,GOOG,2021-10-29,2965.41
1479,GOOG,2021-10-28,2922.58
1480,GOOG,2021-10-27,2928.55
1481,GOOG,2021-10-26,2793.44
1482,GOOG,2021-10-25,2775.46
1483,GOOG,2021-10-22,2772.5
1484,GOOG,2021-10-21,2855.61
1485,GOOG,2021-10-20,2848.3
1486,GOOG,2021-10-19,2876.44
1487,GOOG,2021-10-18,2859.21
1488,GOOG,2021-10-15,2833.5
1489,GOOG,2021-10-14,2828.24
1490,GOOG,2021-10-13,2758.0
1491,GOOG,2021-10-12,2734.26
1492,GOOG,2021-10-11,2776.95
1493,GOOG,2021-10-08,2801.12
1494,GOOG,2021-10-07,2783.71
1495,GOOG,2021-10-06,2747.08
1496,GOOG,2021-10-05,2723.54
1497,GOOG,2021-10-04,2675.3
1498,GOOG,2021-10-01,2729.25
1499,GOOG,2021-09-30,2665.31
1500,GOOG,2021-09-29,2690.42
1501,GOOG,2021-09-28,2723.68
1502,GOOG,2021-09-27,2830.02
1503,GOOG,2021-09-24,2852.66
1504,GOOG,2021-09-23,2836.53
1505,GOOG,2021-09-22,2818.77
1506,GOOG,2021-09-21,2792.93
1507,GOOG,2021-09-20,2780.34
1508,GOOG,2021-09-17,2829.27
1509,GOOG,2021-09-16,2887.47
1510,GOOG,2021-09-15,2904.12
1511,GOOG,2021-09-14,2868.12
1512,GOOG,2021-09-13,2869.3
1513,GOOG,2021-09-10,2838.42
1514,GOOG,2021-09-09,2898.27
1515,GOOG,2021-09-08,2897.67
1516,GOOG,2021-09-07,2910.38
1517,GOOG,2021-09-03,2895.5
1518,GOOG,2021-09-02,2884.38
1519,GOOG,2021-09-01,2916.84
1520,GOOG,2021-08-31,2909.24
1521,GOOG,2021-08-30,2909.39
1522,GOOG,2021-08-27,2891.01
1523,GOOG,2021-08-26,2842.46
1524,GOOG,2021-08-25,2859.0
1525,GOOG,2021-08-24,2847.97
1526,GOOG,2021-08-23,2839.01
1527,GOOG,2021-08-20,2768.74
1528,GOOG,2021-08-19,2738.27
1529,GOOG,2021-08-18,2731.4
1530,GOOG,2021-08-17,2746.01
1531,GOOG,2021-08-16,2778.32
1532,GOOG,2021-08-13,2768.12
1533,GOOG,2021-08-12,2767.79
1534,GOOG,2021-08-11,2753.79
1535,GOOG,2021-08-10,2761.93
1536,GOOG,2021-08-09,2760.04
1537,GOOG,2021-08-06,2740.72
1538,GOOG,2021-08-05,2738.8
1539,GOOG,2021-08-04,2720.57
1540,GOOG,2021-08-03,2725.6
1541,GOOG,2021-08-02,2719.79
1542,GOOG,2021-07-30,2704.42
1543,GOOG,2021-07-29,2730.81
1544,GOOG,2021-07-28,2727.63
1545,GOOG,2021-07-27,2735.93
1546,GOOG,2021-07-26,2792.89
1547,GOOG,2021-07-23,2756.32
1548,GOOG,2021-07-22,2666.57
1549,GOOG,2021-07-21,2652.01
1550,GOOG,2021-07-20,2622.03
1551,GOOG,2021-07-19,2585.08
1552,GOOG,2021-07-16,2636.91
1553,GOOG,2021-07-15,2625.33
1554,GOOG,2021-07-14,2641.65
1555,GOOG,2021-07-13,2619.89
1556,GOOG,2021-07-12,2611.28
1557,GOOG,2021-07-09,2591.49
1558,GOOG,2021-07-08,2583.54
1559,GOOG,2021-07-07,2601.55
1560,GOOG,2021-07-06,2595.42
1561,GOOG,2021-07-02,2574.38
1562,GOOG,2021-07-01,2527.37
1563,GOOG,2021-06-30,2506.32
1564,GOOG,2021-06-29,2520.37
1565,GOOG,2021-06-28,2536.39
1566,GOOG,2021-06-25,2539.9
1567,GOOG,2021-06-24,2545.64
1568,GOOG,2021-06-23,2529.23
1569,GOOG,2021-06-22,2539.99
1570,GOOG,2021-06-21,2529.1
1571,GOOG,2021-06-18,2511.35
1572,GOOG,2021-06-17,2527.42
1573,GOOG,2021-06-16,2513.93
1574,GOOG,2021-06-15,2520.66
1575,GOOG,2021-06-14,2527.04
1576,GOOG,2021-06-11,2513.93
1577,GOOG,2021-06-10,2521.6
1578,GOOG,2021-06-09,2491.4
1579,GOOG,2021-06-08,2482.85
1580,GOOG,2021-06-07,2466.09
1581,GOOG,2021-06-04,2451.76
1582,GOOG,2021-06-03,2404.61
1583,GOOG,2021-06-02,2421.28
1584,GOOG,2021-06-01,2429.81
1585,GOOG,2021-05-28,2411.56
1586,GOOG,2021-05-27,2402.51
1587,GOOG,2021-05-26,2433.53
1588,GOOG,2021-05-25,2409.07
1589,GOOG,2021-05-24,2406.67
1590,GOOG,2021-05-21,2345.1
1591,GOOG,2021-05-20,2350.47
1592,GOOG,2021-05-19,2304.0
1593,GOOG,2021-05-18,2303.43
1594,GOOG,2021-05-17,2321.41
1595,GOOG,2021-05-14,2316.16
1596,GOOG,2021-05-13,2261.97
1597,GOOG,2021-05-12,2239.08
1598,GOOG,2021-05-11,2308.76
1599,GOOG,2021-05-10,2341.66
1600,GOOG,2021-05-07,2398.69
1601,GOOG,2021-05-06,2381.35
1602,GOOG,2021-05-05,2356.74
1603,GOOG,2021-05-04,2354.25
1604,GOOG,2021-05-03,2395.17
1605,GOOG,2021-04-30,2410.12
1606,GOOG,2021-04-29,2429.89
1607,GOOG,2021-04-28,2379.91
1608,GOOG,2021-04-27,2307.12
1609,GOOG,2021-04-26,2326.74
1610,GOOG,2021-04-23,2315.3
1611,GOOG,2021-04-22,2267.92
1612,GOOG,2021-04-21,2293.29
1613,GOOG,2021-04-20,2293.63
1614,GOOG,2021-04-19,2302.4
1615,GOOG,2021-04-16,2297.76
1616,GOOG,2021-04-15,2296.66
1617,GOOG,2021-04-14,2254.84
1618,GOOG,2021-04-13,2267.27
1619,GOOG,2021-04-12,2254.79
1620,GOOG,2021-04-09,2285.88
1621,GOOG,2021-04-08,2265.44
1622,GOOG,2021-04-07,2249.68
1623,GOOG,2021-04-06,2224.75
1624,GOOG,2021-04-05,2225.55
1625,GOOG,2021-04-01,2137.75
1626,GOOG,2021-03-31,2068.63
1627,GOOG,2021-03-30,2055.54
1628,GOOG,2021-03-29,2055.95
1629,GOOG,2021-03-26,2035.55
1630,GOOG,2021-03-25,2044.36
1631,GOOG,2021-03-24,2045.06
1632,GOOG,2021-03-23,2066.59
1633,GOOG,2021-03-22,2038.59
1634,GOOG,2021-03-19,2043.2
1635,GOOG,2021-03-18,2036.22
1636,GOOG,2021-03-17,2091.08
1637,GOOG,2021-03-16,2092.52
1638,GOOG,2021-03-15,2066.49
1639,GOOG,2021-03-12,2061.92
1640,GOOG,2021-03-11,2114.77
1641,GOOG,2021-03-10,2055.03
1642,GOOG,2021-03-09,2052.7
1643,GOOG,2021-03-08,2024.17
1644,GOOG,2021-03-05,2108.54
1645,GOOG,2021-03-04,2049.09
1646,GOOG,2021-03-03,2026.71
1647,GOOG,2021-03-02,2075.84
1648,GOOG,2021-03-01,2081.51
1649,GOOG,2021-02-26,2036.86
1650,GOOG,2021-02-25,2031.36
1651,GOOG,2021-02-24,2095.17
1652,GOOG,2021-02-23,2070.86
1653,GOOG,2021-02-22,2064.88
1654,GOOG,2021-02-19,2101.14
1655,GOOG,2021-02-18,2117.2
1656,GOOG,2021-02-17,2128.31
1657,GOOG,2021-02-16,2121.9
1658,GOOG,2021-02-12,2104.11
1659,GOOG,2021-02-11,2095.89
1660,GOOG,2021-02-10,2095.38
1661,GOOG,2021-02-09,2083.51
1662,GOOG,2021-02-08,2092.91
1663,GOOG,2021-02-05,2098.0
1664,GOOG,2021-02-04,2062.37
1665,GOOG,2021-02-03,2070.07
1666,GOOG,2021-02-02,1927.51
1667,GOOG,2021-02-01,1901.35
1668,GOOG,2021-01-29,1835.74
1669,GOOG,2021-01-28,1863.11
1670,GOOG,2021-01-27,1830.79
1671,GOOG,2021-01-26,1917.24
1672,GOOG,2021-01-25,1899.4
1673,GOOG,2021-01-22,1901.05
1674,GOOG,2021-01-21,1891.25
1675,GOOG,2021-01-20,1886.9
1676,GOOG,2021-01-19,1790.86
1677,GOOG,2021-01-15,1736.19
1678,GOOG,2021-01-14,1740.18
1679,GOOG,2021-01-13,1754.4
1680,GOOG,2021-01-12,1746.55
1681,GOOG,2021-01-11,1766.72
1682,GOOG,2021-01-08,1807.21
1683,GOOG,2021-01-07,1787.25
1684,GOOG,2021-01-06,1735.29
1685,GOOG,2021-01-05,1740.92
1686,GOOG,2021-01-04,1728.24
1687,GOOG,2020-12-31,1751.88
1688,GOOG,2020-12-30,1739.52
1689,GOOG,2020-12-29,1758.72
1690,GOOG,2020-12-28,1776.09
1691,GOOG,2020-12-24,1738.85
1692,GOOG,2020-12-23,1732.38
1693,GOOG,2020-12-22,1723.5
1694,GOOG,2020-12-21,1739.37
1695,GOOG,2020-12-18,1731.01
1696,GOOG,2020-12-17,1747.9
1697,GOOG,2020-12-16,1763.0
1698,GOOG,2020-12-15,1767.77
1699,GOOG,2020-12-14,1760.06
1700,GOOG,2020-12-11,1781.77
1701,GOOG,2020-12-10,1775.33
1702,GOOG,2020-12-09,1784.13
1703,GOOG,2020-12-08,1818.55
1704,GOOG,2020-12-07,1819.48
1705,GOOG,2020-12-04,1827.99
1706,GOOG,2020-12-03,1826.77
1707,GOOG,2020-12-02,1827.95
1708,GOOG,2020-12-01,1798.1
1709,GOOG,2020-11-30,1760.74
1710,GOOG,2020-11-27,1793.19
1711,GOOG,2020-11-25,1771.43
1712,GOOG,2020-11-24,1768.88
1713,GOOG,2020-11-23,1734.86
1714,GOOG,2020-11-20,1742.19
1715,GOOG,2020-11-19,1763.92
1716,GOOG,2020-11-18,1746.78
1717,GOOG,2020-11-17,1770.15
1718,GOOG,2020-11-16,1781.38
1719,GOOG,2020-11-13,1777.02
1720,GOOG,2020-11-12,1749.84
1721,GOOG,2020-11-11,1752.71
1722,GOOG,2020-11-10,1740.39
1723,GOOG,2020-11-09,1763.0
1724,GOOG,2020-11-06,1761.75
1725,GOOG,2020-11-05,1763.37
1726,GOOG,2020-11-04,1749.13
1727,GOOG,2020-11-03,1650.21
1728,GOOG,2020-11-02,1626.03
1729,GOOG,2020-10-30,1621.01
1730,GOOG,2020-10-29,1567.24
1731,GOOG,2020-10-28,1516.62
1732,GOOG,2020-10-27,1604.26
1733,GOOG,2020-10-26,1590.45
1734,GOOG,2020-10-23,1641.0
1735,GOOG,2020-10-22,1615.33
1736,GOOG,2020-10-21,1593.31
1737,GOOG,2020-10-20,1555.93
1738,GOOG,2020-10-19,1534.61
1739,GOOG,2020-10-16,1573.01
1740,GOOG,2020-10-15,1559.13
1741,GOOG,2020-10-14,1568.08
1742,GOOG,2020-10-13,1571.68
1743,GOOG,2020-10-12,1569.15
1744,GOOG,2020-10-09,1515.22
1745,GOOG,2020-10-08,1485.93
1746,GOOG,2020-10-07,1460.29
1747,GOOG,2020-10-06,1453.44
1748,GOOG,2020-10-05,1486.02
1749,GOOG,2020-10-02,1458.42
1750,GOOG,2020-10-01,1490.09
1751,GOOG,2020-09-30,1469.6
1752,GOOG,2020-09-29,1469.33
1753,GOOG,2020-09-28,1464.52
1754,GOOG,2020-09-25,1444.96
1755,GOOG,2020-09-24,1428.29
1756,GOOG,2020-09-23,1415.21
1757,GOOG,2020-09-22,1465.46
1758,GOOG,2020-09-21,1431.16
1759,GOOG,2020-09-18,1459.99
1760,GOOG,2020-09-17,1495.53
1761,GOOG,2020-09-16,1520.9
1762,GOOG,2020-09-15,1541.44
1763,GOOG,2020-09-14,1519.28
1764,GOOG,2020-09-11,1520.72
1765,GOOG,2020-09-10,1532.02
1766,GOOG,2020-09-09,1556.96
1767,GOOG,2020-09-08,1532.39
1768,GOOG,2020-09-04,1591.04
1769,GOOG,2020-09-03,1641.84
1770,GOOG,2020-09-02,1728.28
1771,GOOG,2020-09-01,1660.71
1772,GOOG,2020-08-31,1634.18
1773,GOOG,2020-08-28,1643.83
1774,GOOG,2020-08-27,1634.33
1775,GOOG,2020-08-26,1652.38
1776,GOOG,2020-08-25,1608.22
1777,GOOG,2020-08-24,1588.2
1778,GOOG,2020-08-21,1580.42
1779,GOOG,2020-08-20,1581.75
1780,GOOG,2020-08-19,1547.53
1781,GOOG,2020-08-18,1558.6
1782,GOOG,2020-08-17,1517.98
1783,GOOG,2020-08-14,1507.73
1784,GOOG,2020-08-13,1518.45
1785,GOOG,2020-08-12,1506.62
1786,GOOG,2020-08-11,1480.32
1787,GOOG,2020-08-10,1496.1
1788,GOOG,2020-08-07,1494.49
1789,GOOG,2020-08-06,1500.1
1790,GOOG,2020-08-05,1473.61
1791,GOOG,2020-08-04,1464.97
1792,GOOG,2020-08-03,1474.45
1793,GOOG,2020-07-31,1482.96
1794,GOOG,2020-07-30,1531.45
1795,GOOG,2020-07-29,1522.02
1796,GOOG,2020-07-28,1500.34
1797,GOOG,2020-07-27,1530.2
1798,GOOG,2020-07-24,1511.87
1799,GOOG,2020-07-23,1515.68
1800,GOOG,2020-07-22,1568.49
1801,GOOG,2020-07-21,1558.42
1802,GOOG,2020-07-20,1565.72
1803,GOOG,2020-07-17,1515.55
1804,GOOG,2020-07-16,1518.0
1805,GOOG,2020-07-15,1513.64
1806,GOOG,2020-07-14,1520.58
1807,GOOG,2020-07-13,1511.34
1808,GOOG,2020-07-10,1541.74
1809,GOOG,2020-07-09,1510.99
1810,GOOG,2020-07-08,1496.0
1811,GOOG,2020-07-07,1485.18
1812,GOOG,2020-07-06,1495.7
1813,GOOG,2020-07-02,1464.7
1814,GOOG,2020-07-01,1438.04
1815,GOOG,2020-06-30,1413.61
1816,GOOG,2020-06-29,1394.97
1817,GOOG,2020-06-26,1359.9
1818,GOOG,2020-06-25,1441.33
1819,GOOG,2020-06-24,1431.97
1820,GOOG,2020-06-23,1464.41
1821,GOOG,2020-06-22,1451.86
1822,GOOG,2020-06-19,1431.72
1823,GOOG,2020-06-18,1435.96
1824,GOOG,2020-06-17,1451.12
1825,GOOG,2020-06-16,1442.72
1826,GOOG,2020-06-15,1419.85
1827,GOOG,2020-06-12,1413.18
1828,GOOG,2020-06-11,1403.84
1829,GOOG,2020-06-10,1465.85
1830,GOOG,2020-06-09,1456.16
1831,GOOG,2020-06-08,1446.61
1832,GOOG,2020-06-05,1438.39
1833,GOOG,2020-06-04,1412.18
1834,GOOG,2020-06-03,1436.38
1835,GOOG,2020-06-02,1439.22
1836,GOOG,2020-06-01,1431.82
1837,GOOG,2020-05-29,1428.92
1838,GOOG,2020-05-28,1416.73
1839,GOOG,2020-05-27,1417.84
1840,GOOG,2020-05-26,1417.02
1841,GOOG,2020-05-22,1410.42
1842,GOOG,2020-05-21,1402.8
1843,GOOG,2020-05-20,1406.72
1844,GOOG,2020-05-19,1373.48
1845,GOOG,2020-05-18,1383.94
1846,GOOG,2020-05-15,1373.19
1847,GOOG,2020-05-14,1356.13
1848,GOOG,2020-05-13,1349.33
1849,GOOG,2020-05-12,1375.74
1850,GOOG,2020-05-11,1403.26
1851,GOOG,2020-05-08,1388.37
1852,GOOG,2020-05-07,1372.56
1853,GOOG,2020-05-06,1347.3
1854,GOOG,2020-05-05,1351.11
1855,GOOG,2020-05-04,1326.8
1856,GOOG,2020-05-01,1320.61
1857,GOOG,2020-04-30,1348.66
1858,GOOG,2020-04-29,1341.48
1859,GOOG,2020-04-28,1233.67
1860,GOOG,2020-04-27,1275.88
1861,GOOG,2020-04-24,1279.31
1862,GOOG,2020-04-23,1276.31
1863,GOOG,2020-04-22,1263.21
1864,GOOG,2020-04-21,1216.34
1865,GOOG,2020-04-20,1266.61
1866,GOOG,2020-04-17,1283.25
1867,GOOG,2020-04-16,1263.47
1868,GOOG,2020-04-15,1262.47
1869,GOOG,2020-04-14,1269.23
1870,GOOG,2020-04-13,1217.56
1871,GOOG,2020-04-09,1211.45
1872,GOOG,2020-04-08,1210.28
1873,GOOG,2020-04-07,1186.51
1874,GOOG,2020-04-06,1186.92
1875,GOOG,2020-04-03,1097.88
1876,GOOG,2020-04-02,1120.84
1877,GOOG,2020-04-01,1105.62
1878,GOOG,2020-03-31,1162.81
1879,GOOG,2020-03-30,1146.82
1880,GOOG,2020-03-27,1110.71
1881,GOOG,2020-03-26,1161.75
1882,GOOG,2020-03-25,1102.49
1883,GOOG,2020-03-24,1134.46
1884,GOOG,2020-03-23,1056.62
1885,GOOG,2020-03-20,1072.32
1886,GOOG,2020-03-19,1115.29
1887,GOOG,2020-03-18,1096.8
1888,GOOG,2020-03-17,1119.8
1889,GOOG,2020-03-16,1084.33
1890,GOOG,2020-03-13,1219.73
1891,GOOG,2020-03-12,1114.91
1892,GOOG,2020-03-11,1215.41
1893,GOOG,2020-03-10,1280.39
1894,GOOG,2020-03-09,1215.56
1895,GOOG,2020-03-06,1298.41
1896,GOOG,2020-03-05,1319.04
1897,GOOG,2020-03-04,1386.52
1898,GOOG,2020-03-03,1341.39
1899,GOOG,2020-03-02,1389.11
1900,GOOG,2020-02-28,1339.33
1901,GOOG,2020-02-27,1318.09
1902,GOOG,2020-02-26,1393.18
1903,GOOG,2020-02-25,1388.45
1904,GOOG,2020-02-24,1421.59
1905,GOOG,2020-02-21,1485.11
1906,GOOG,2020-02-20,1518.15
1907,GOOG,2020-02-19,1526.69
1908,GOOG,2020-02-18,1519.67
1909,GOOG,2020-02-14,1520.74
1910,GOOG,2020-02-13,1514.66
1911,GOOG,2020-02-12,1518.27
1912,GOOG,2020-02-11,1508.79
1913,GOOG,2020-02-10,1508.68
1914,GOOG,2020-02-07,1479.23
1915,GOOG,2020-02-06,1476.23
1916,GOOG,2020-02-05,1448.23
1917,GOOG,2020-02-04,1447.07
1918,GOOG,2020-02-03,1485.94
1919,GOOG,2020-01-31,1434.23
1920,GOOG,2020-01-30,1455.84
1921,GOOG,2020-01-29,1458.63
1922,GOOG,2020-01-28,1452.56
1923,GOOG,2020-01-27,1433.9
1924,GOOG,2020-01-24,1466.71
1925,GOOG,2020-01-23,1486.65
1926,GOOG,2020-01-22,1485.95
1927,GOOG,2020-01-21,1484.4
1928,GOOG,2020-01-17,1480.39
1929,GOOG,2020-01-16,1451.7
1930,GOOG,2020-01-15,1439.2
1931,GOOG,2020-01-14,1430.88
1932,GOOG,2020-01-13,1439.23
1933,GOOG,2020-01-10,1429.73
1934,GOOG,2020-01-09,1419.83
1935,GOOG,2020-01-08,1404.32
1936,GOOG,2020-01-07,1393.34
1937,GOOG,2020-01-06,1394.21
1938,GOOG,2020-01-03,1360.66
1939,GOOG,2020-01-02,1367.37
1940,MSFT,2021-12-02,329.49
1941,MSFT,2021-12-01,330.08
1942,MSFT,2021-11-30,330.59
1943,MSFT,2021-11-29,336.63
1944,MSFT,2021-11-26,329.68
1945,MSFT,2021-11-24,337.91
1946,MSFT,2021-11-23,337.68
1947,MSFT,2021-11-22,339.83
1948,MSFT,2021-11-19,343.11
1949,MSFT,2021-11-18,341.27
1950,MSFT,2021-11-17,339.12
1951,MSFT,2021-11-16,339.51
1952,MSFT,2021-11-15,336.07
1953,MSFT,2021-11-12,336.72
1954,MSFT,2021-11-11,332.43
1955,MSFT,2021-11-10,330.8
1956,MSFT,2021-11-09,335.95
1957,MSFT,2021-11-08,336.99
1958,MSFT,2021-11-05,336.06
1959,MSFT,2021-11-04,336.44
1960,MSFT,2021-11-03,334.0
1961,MSFT,2021-11-02,333.13
1962,MSFT,2021-11-01,329.37
1963,MSFT,2021-10-29,331.62
1964,MSFT,2021-10-28,324.35
1965,MSFT,2021-10-27,323.17
1966,MSFT,2021-10-26,310.11
1967,MSFT,2021-10-25,308.13
1968,MSFT,2021-10-22,309.16
1969,MSFT,2021-10-21,310.76
1970,MSFT,2021-10-20,307.41
1971,MSFT,2021-10-19,308.23
1972,MSFT,2021-10-18,307.29
1973,MSFT,2021-10-15,304.21
1974,MSFT,2021-10-14,302.75
1975,MSFT,2021-10-13,296.31
1976,MSFT,2021-10-12,292.88
1977,MSFT,2021-10-11,294.23
1978,MSFT,2021-10-08,294.85
1979,MSFT,2021-10-07,294.85
1980,MSFT,2021-10-06,293.11
1981,MSFT,2021-10-05,288.76
1982,MSFT,2021-10-04,283.11
1983,MSFT,2021-10-01,289.1
1984,MSFT,2021-09-30,281.92
1985,MSFT,2021-09-29,284.0
1986,MSFT,2021-09-28,283.52
1987,MSFT,2021-09-27,294.17
1988,MSFT,2021-09-24,299.35
1989,MSFT,2021-09-23,299.56
1990,MSFT,2021-09-22,298.58
1991,MSFT,2021-09-21,294.8
1992,MSFT,2021-09-20,294.3
1993,MSFT,2021-09-17,299.87
1994,MSFT,2021-09-16,305.22
1995,MSFT,2021-09-15,304.82
1996,MSFT,2021-09-14,299.79
1997,MSFT,2021-09-13,296.99
1998,MSFT,2021-09-10,295.71
1999,MSFT,2021-09-09,297.25
2000,MSFT,2021-09-08,300.21
2001,MSFT,2021-09-07,300.18
2002,MSFT,2021-09-03,301.14
2003,MSFT,2021-09-02,301.15
2004,MSFT,2021-09-01,301.83
2005,MSFT,2021-08-31,301.88
2006,MSFT,2021-08-30,303.59
2007,MSFT,2021-08-27,299.72
2008,MSFT,2021-08-26,299.09
2009,MSFT,2021-08-25,302.01
2010,MSFT,2021-08-24,303.205
2011,MSFT,2021-08-23,304.19
2012,MSFT,2021-08-20,304.36
2013,MSFT,2021-08-19,296.77
2014,MSFT,2021-08-18,290.73
2015,MSFT,2021-08-17,293.08
2016,MSFT,2021-08-16,294.6
2017,MSFT,2021-08-13,292.85
2018,MSFT,2021-08-12,289.81
2019,MSFT,2021-08-11,286.95
2020,MSFT,2021-08-10,286.44
2021,MSFT,2021-08-09,288.33
2022,MSFT,2021-08-06,289.46
2023,MSFT,2021-08-05,289.52
2024,MSFT,2021-08-04,286.51
2025,MSFT,2021-08-03,287.12
2026,MSFT,2021-08-02,284.82
2027,MSFT,2021-07-30,284.91
2028,MSFT,2021-07-29,286.5
2029,MSFT,2021-07-28,286.22
2030,MSFT,2021-07-27,286.54
2031,MSFT,2021-07-26,289.05
2032,MSFT,2021-07-23,289.67
2033,MSFT,2021-07-22,286.14
2034,MSFT,2021-07-21,281.4
2035,MSFT,2021-07-20,279.32
2036,MSFT,2021-07-19,277.01
2037,MSFT,2021-07-16,280.75
2038,MSFT,2021-07-15,281.03
2039,MSFT,2021-07-14,282.51
2040,MSFT,2021-07-13,280.98
2041,MSFT,2021-07-12,277.32
2042,MSFT,2021-07-09,277.94
2043,MSFT,2021-07-08,277.42
2044,MSFT,2021-07-07,279.93
2045,MSFT,2021-07-06,277.66
2046,MSFT,2021-07-02,277.65
2047,MSFT,2021-07-01,271.6
2048,MSFT,2021-06-30,270.9
2049,MSFT,2021-06-29,271.4
2050,MSFT,2021-06-28,268.72
2051,MSFT,2021-06-25,265.02
2052,MSFT,2021-06-24,266.69
2053,MSFT,2021-06-23,265.275
2054,MSFT,2021-06-22,265.51
2055,MSFT,2021-06-21,262.63
2056,MSFT,2021-06-18,259.43
2057,MSFT,2021-06-17,260.9
2058,MSFT,2021-06-16,257.38
2059,MSFT,2021-06-15,258.36
2060,MSFT,2021-06-14,259.89
2061,MSFT,2021-06-11,257.89
2062,MSFT,2021-06-10,257.24
2063,MSFT,2021-06-09,253.59
2064,MSFT,2021-06-08,252.57
2065,MSFT,2021-06-07,253.81
2066,MSFT,2021-06-04,250.79
2067,MSFT,2021-06-03,245.71
2068,MSFT,2021-06-02,247.3
2069,MSFT,2021-06-01,247.4
2070,MSFT,2021-05-28,249.68
2071,MSFT,2021-05-27,249.31
2072,MSFT,2021-05-26,251.49
2073,MSFT,2021-05-25,251.72
2074,MSFT,2021-05-24,250.78
2075,MSFT,2021-05-21,245.17
2076,MSFT,2021-05-20,246.935
2077,MSFT,2021-05-19,242.89
2078,MSFT,2021-05-18,243.08
2079,MSFT,2021-05-17,245.18
2080,MSFT,2021-05-14,248.15
2081,MSFT,2021-05-13,243.03
2082,MSFT,2021-05-12,239.0
2083,MSFT,2021-05-11,246.23
2084,MSFT,2021-05-10,247.18
2085,MSFT,2021-05-07,252.46
2086,MSFT,2021-05-06,249.73
2087,MSFT,2021-05-05,246.47
2088,MSFT,2021-05-04,247.79
2089,MSFT,2021-05-03,251.86
2090,MSFT,2021-04-30,252.18
2091,MSFT,2021-04-29,252.51
2092,MSFT,2021-04-28,254.56
2093,MSFT,2021-04-27,261.97
2094,MSFT,2021-04-26,261.55
2095,MSFT,2021-04-23,261.15
2096,MSFT,2021-04-22,257.17
2097,MSFT,2021-04-21,260.58
2098,MSFT,2021-04-20,258.26
2099,MSFT,2021-04-19,258.74
2100,MSFT,2021-04-16,260.74
2101,MSFT,2021-04-15,259.5
2102,MSFT,2021-04-14,255.59
2103,MSFT,2021-04-13,258.49
2104,MSFT,2021-04-12,255.91
2105,MSFT,2021-04-09,255.85
2106,MSFT,2021-04-08,253.25
2107,MSFT,2021-04-07,249.9
2108,MSFT,2021-04-06,247.86
2109,MSFT,2021-04-05,249.07
2110,MSFT,2021-04-01,242.35
2111,MSFT,2021-03-31,235.77
2112,MSFT,2021-03-30,231.85
2113,MSFT,2021-03-29,235.24
2114,MSFT,2021-03-26,236.48
2115,MSFT,2021-03-25,232.34
2116,MSFT,2021-03-24,235.46
2117,MSFT,2021-03-23,237.58
2118,MSFT,2021-03-22,235.99
2119,MSFT,2021-03-19,230.35
2120,MSFT,2021-03-18,230.72
2121,MSFT,2021-03-17,237.04
2122,MSFT,2021-03-16,237.71
2123,MSFT,2021-03-15,234.81
2124,MSFT,2021-03-12,235.75
2125,MSFT,2021-03-11,237.13
2126,MSFT,2021-03-10,232.42
2127,MSFT,2021-03-09,233.78
2128,MSFT,2021-03-08,227.39
2129,MSFT,2021-03-05,231.6
2130,MSFT,2021-03-04,226.73
2131,MSFT,2021-03-03,227.56
2132,MSFT,2021-03-02,233.87
2133,MSFT,2021-03-01,236.94
2134,MSFT,2021-02-26,232.38
2135,MSFT,2021-02-25,228.99
2136,MSFT,2021-02-24,234.55
2137,MSFT,2021-02-23,233.27
2138,MSFT,2021-02-22,234.51
2139,MSFT,2021-02-19,240.97
2140,MSFT,2021-02-18,243.79
2141,MSFT,2021-02-17,244.2
2142,MSFT,2021-02-16,243.7
2143,MSFT,2021-02-12,244.99
2144,MSFT,2021-02-11,244.49
2145,MSFT,2021-02-10,242.82
2146,MSFT,2021-02-09,243.77
2147,MSFT,2021-02-08,242.47
2148,MSFT,2021-02-05,242.2
2149,MSFT,2021-02-04,242.01
2150,MSFT,2021-02-03,243.0
2151,MSFT,2021-02-02,239.51
2152,MSFT,2021-02-01,239.65
2153,MSFT,2021-01-29,231.96
2154,MSFT,2021-01-28,238.93
2155,MSFT,2021-01-27,232.9
2156,MSFT,2021-01-26,232.33
2157,MSFT,2021-01-25,229.53
2158,MSFT,2021-01-22,225.95
2159,MSFT,2021-01-21,224.97
2160,MSFT,2021-01-20,224.34
2161,MSFT,2021-01-19,216.44
2162,MSFT,2021-01-15,212.65
2163,MSFT,2021-01-14,213.02
2164,MSFT,2021-01-13,216.34
2165,MSFT,2021-01-12,214.93
2166,MSFT,2021-01-11,217.49
2167,MSFT,2021-01-08,219.62
2168,MSFT,2021-01-07,218.29
2169,MSFT,2021-01-06,212.25
2170,MSFT,2021-01-05,217.9
2171,MSFT,2021-01-04,217.69
2172,MSFT,2020-12-31,222.42
2173,MSFT,2020-12-30,221.68
2174,MSFT,2020-12-29,224.15
2175,MSFT,2020-12-28,224.96
2176,MSFT,2020-12-24,222.75
2177,MSFT,2020-12-23,221.02
2178,MSFT,2020-12-22,223.94
2179,MSFT,2020-12-21,222.59
2180,MSFT,2020-12-18,218.59
2181,MSFT,2020-12-17,219.42
2182,MSFT,2020-12-16,219.28
2183,MSFT,2020-12-15,214.13
2184,MSFT,2020-12-14,214.2
2185,MSFT,2020-12-11,213.26
2186,MSFT,2020-12-10,210.52
2187,MSFT,2020-12-09,211.8
2188,MSFT,2020-12-08,216.01
2189,MSFT,2020-12-07,214.29
2190,MSFT,2020-12-04,214.36
2191,MSFT,2020-12-03,214.24
2192,MSFT,2020-12-02,215.37
2193,MSFT,2020-12-01,216.21
2194,MSFT,2020-11-30,214.07
2195,MSFT,2020-11-27,215.23
2196,MSFT,2020-11-25,213.87
2197,MSFT,2020-11-24,213.86
2198,MSFT,2020-11-23,210.11
2199,MSFT,2020-11-20,210.39
2200,MSFT,2020-11-19,212.42
2201,MSFT,2020-11-18,211.08
2202,MSFT,2020-11-17,214.46
2203,MSFT,2020-11-16,217.23
2204,MSFT,2020-11-13,216.51
2205,MSFT,2020-11-12,215.44
2206,MSFT,2020-11-11,216.55
2207,MSFT,2020-11-10,211.01
2208,MSFT,2020-11-09,218.39
2209,MSFT,2020-11-06,223.72
2210,MSFT,2020-11-05,223.29
2211,MSFT,2020-11-04,216.39
2212,MSFT,2020-11-03,206.43
2213,MSFT,2020-11-02,202.33
2214,MSFT,2020-10-30,202.47
2215,MSFT,2020-10-29,204.72
2216,MSFT,2020-10-28,202.68
2217,MSFT,2020-10-27,213.25
2218,MSFT,2020-10-26,210.08
2219,MSFT,2020-10-23,216.23
2220,MSFT,2020-10-22,214.89
2221,MSFT,2020-10-21,214.8
2222,MSFT,2020-10-20,214.65
2223,MSFT,2020-10-19,214.22
2224,MSFT,2020-10-16,219.66
2225,MSFT,2020-10-15,219.66
2226,MSFT,2020-10-14,220.86
2227,MSFT,2020-10-13,222.86
2228,MSFT,2020-10-12,221.4
2229,MSFT,2020-10-09,215.81
2230,MSFT,2020-10-08,210.58
2231,MSFT,2020-10-07,209.83
2232,MSFT,2020-10-06,205.91
2233,MSFT,2020-10-05,210.38
2234,MSFT,2020-10-02,206.19
2235,MSFT,2020-10-01,212.46
2236,MSFT,2020-09-30,210.33
2237,MSFT,2020-09-29,207.26
2238,MSFT,2020-09-28,209.44
2239,MSFT,2020-09-25,207.82
2240,MSFT,2020-09-24,203.19
2241,MSFT,2020-09-23,200.59
2242,MSFT,2020-09-22,207.42
2243,MSFT,2020-09-21,202.54
2244,MSFT,2020-09-18,200.39
2245,MSFT,2020-09-17,202.91
2246,MSFT,2020-09-16,205.05
2247,MSFT,2020-09-15,208.78
2248,MSFT,2020-09-14,205.41
2249,MSFT,2020-09-11,204.03
2250,MSFT,2020-09-10,205.37
2251,MSFT,2020-09-09,211.29
2252,MSFT,2020-09-08,202.66
2253,MSFT,2020-09-04,214.25
2254,MSFT,2020-09-03,217.3
2255,MSFT,2020-09-02,231.65
2256,MSFT,2020-09-01,227.27
2257,MSFT,2020-08-31,225.53
2258,MSFT,2020-08-28,228.91
2259,MSFT,2020-08-27,226.58
2260,MSFT,2020-08-26,221.15
2261,MSFT,2020-08-25,216.47
2262,MSFT,2020-08-24,213.69
2263,MSFT,2020-08-21,213.02
2264,MSFT,2020-08-20,214.58
2265,MSFT,2020-08-19,209.7
2266,MSFT,2020-08-18,211.49
2267,MSFT,2020-08-17,210.28
2268,MSFT,2020-08-14,208.9
2269,MSFT,2020-08-13,208.7
2270,MSFT,2020-08-12,209.19
2271,MSFT,2020-08-11,203.38
2272,MSFT,2020-08-10,208.25
2273,MSFT,2020-08-07,212.48
2274,MSFT,2020-08-06,216.35
2275,MSFT,2020-08-05,212.94
2276,MSFT,2020-08-04,213.29
2277,MSFT,2020-08-03,216.54
2278,MSFT,2020-07-31,205.01
2279,MSFT,2020-07-30,203.9
2280,MSFT,2020-07-29,204.06
2281,MSFT,2020-07-28,202.02
2282,MSFT,2020-07-27,203.85
2283,MSFT,2020-07-24,201.3
2284,MSFT,2020-07-23,202.54
2285,MSFT,2020-07-22,211.75
2286,MSFT,2020-07-21,208.75
2287,MSFT,2020-07-20,211.6
2288,MSFT,2020-07-17,202.88
2289,MSFT,2020-07-16,203.92
2290,MSFT,2020-07-15,208.04
2291,MSFT,2020-07-14,208.35
2292,MSFT,2020-07-13,207.07
2293,MSFT,2020-07-10,213.67
2294,MSFT,2020-07-09,214.32
2295,MSFT,2020-07-08,212.83
2296,MSFT,2020-07-07,208.25
2297,MSFT,2020-07-06,210.7
2298,MSFT,2020-07-02,206.26
2299,MSFT,2020-07-01,204.7
2300,MSFT,2020-06-30,203.51
2301,MSFT,2020-06-29,198.44
2302,MSFT,2020-06-26,196.33
2303,MSFT,2020-06-25,200.34
2304,MSFT,2020-06-24,197.84
2305,MSFT,2020-06-23,201.91
2306,MSFT,2020-06-22,200.57
2307,MSFT,2020-06-19,195.15
2308,MSFT,2020-06-18,196.32
2309,MSFT,2020-06-17,194.24
2310,MSFT,2020-06-16,193.57
2311,MSFT,2020-06-15,188.94
2312,MSFT,2020-06-12,187.74
2313,MSFT,2020-06-11,186.27
2314,MSFT,2020-06-10,196.84
2315,MSFT,2020-06-09,189.8
2316,MSFT,2020-06-08,188.36
2317,MSFT,2020-06-05,187.2
2318,MSFT,2020-06-04,182.92
2319,MSFT,2020-06-03,185.36
2320,MSFT,2020-06-02,184.91
2321,MSFT,2020-06-01,182.83
2322,MSFT,2020-05-29,183.25
2323,MSFT,2020-05-28,181.4
2324,MSFT,2020-05-27,181.81
2325,MSFT,2020-05-26,181.57
2326,MSFT,2020-05-22,183.51
2327,MSFT,2020-05-21,183.43
2328,MSFT,2020-05-20,185.66
2329,MSFT,2020-05-19,183.63
2330,MSFT,2020-05-18,184.91
2331,MSFT,2020-05-15,183.16
2332,MSFT,2020-05-14,180.53
2333,MSFT,2020-05-13,179.75
2334,MSFT,2020-05-12,182.51
2335,MSFT,2020-05-11,186.74
2336,MSFT,2020-05-08,184.68
2337,MSFT,2020-05-07,183.6
2338,MSFT,2020-05-06,182.54
2339,MSFT,2020-05-05,180.76
2340,MSFT,2020-05-04,178.84
2341,MSFT,2020-05-01,174.57
2342,MSFT,2020-04-30,179.21
2343,MSFT,2020-04-29,177.43
2344,MSFT,2020-04-28,169.81
2345,MSFT,2020-04-27,174.05
2346,MSFT,2020-04-24,174.55
2347,MSFT,2020-04-23,171.42
2348,MSFT,2020-04-22,173.52
2349,MSFT,2020-04-21,167.82
2350,MSFT,2020-04-20,175.06
2351,MSFT,2020-04-17,178.6
2352,MSFT,2020-04-16,177.04
2353,MSFT,2020-04-15,171.88
2354,MSFT,2020-04-14,173.7
2355,MSFT,2020-04-13,165.51
2356,MSFT,2020-04-09,165.14
2357,MSFT,2020-04-08,165.13
2358,MSFT,2020-04-07,163.49
2359,MSFT,2020-04-06,165.27
2360,MSFT,2020-04-03,153.83
2361,MSFT,2020-04-02,155.26
2362,MSFT,2020-04-01,152.11
2363,MSFT,2020-03-31,157.71
2364,MSFT,2020-03-30,160.23
2365,MSFT,2020-03-27,149.7
2366,MSFT,2020-03-26,156.11
2367,MSFT,2020-03-25,146.92
2368,MSFT,2020-03-24,148.34
2369,MSFT,2020-03-23,135.98
2370,MSFT,2020-03-20,137.35
2371,MSFT,2020-03-19,142.71
2372,MSFT,2020-03-18,140.4
2373,MSFT,2020-03-17,146.57
2374,MSFT,2020-03-16,135.42
2375,MSFT,2020-03-13,158.83
2376,MSFT,2020-03-12,139.06
2377,MSFT,2020-03-11,153.63
2378,MSFT,2020-03-10,160.92
2379,MSFT,2020-03-09,150.62
2380,MSFT,2020-03-06,161.57
2381,MSFT,2020-03-05,166.27
2382,MSFT,2020-03-04,170.55
2383,MSFT,2020-03-03,164.51
2384,MSFT,2020-03-02,172.79
2385,MSFT,2020-02-28,162.01
2386,MSFT,2020-02-27,158.18
2387,MSFT,2020-02-26,170.17
2388,MSFT,2020-02-25,168.07
2389,MSFT,2020-02-24,170.89
2390,MSFT,2020-02-21,178.59
2391,MSFT,2020-02-20,184.42
2392,MSFT,2020-02-19,187.28
2393,MSFT,2020-02-18,187.23
2394,MSFT,2020-02-14,185.35
2395,MSFT,2020-02-13,183.71
2396,MSFT,2020-02-12,184.71
2397,MSFT,2020-02-11,184.44
2398,MSFT,2020-02-10,188.7
2399,MSFT,2020-02-07,183.89
2400,MSFT,2020-02-06,183.63
2401,MSFT,2020-02-05,179.9
2402,MSFT,2020-02-04,180.12
2403,MSFT,2020-02-03,174.38
2404,MSFT,2020-01-31,170.23
2405,MSFT,2020-01-30,172.78
2406,MSFT,2020-01-29,168.04
2407,MSFT,2020-01-28,165.46
2408,MSFT,2020-01-27,162.28
2409,MSFT,2020-01-24,165.04
2410,MSFT,2020-01-23,166.72
2411,MSFT,2020-01-22,165.7
2412,MSFT,2020-01-21,166.5
2413,MSFT,2020-01-17,167.1
2414,MSFT,2020-01-16,166.17
2415,MSFT,2020-01-15,163.18
2416,MSFT,2020-01-14,162.13
2417,MSFT,2020-01-13,163.28
2418,MSFT,2020-01-10,161.34
2419,MSFT,2020-01-09,162.09
2420,MSFT,2020-01-08,160.09
2421,MSFT,2020-01-07,157.58
2422,MSFT,2020-01-06,159.03
2423,MSFT,2020-01-03,158.62
2424,MSFT,2020-01-02,160.62
